skill_uri,skill_label,skill_type
http://data.europa.eu/esco/skill/000f1d3d-220f-4789-9c0a-cc742521fb02,Haskell,knowledge
http://data.europa.eu/esco/skill/00b9a3aa-7070-4bb5-8020-f228a97cf42f,draft scientific or academic papers and technical documentation,skill/competence
http://data.europa.eu/esco/skill/00c04e40-35ea-4ed1-824c-82f936c8f876,incremental development,knowledge
http://data.europa.eu/esco/skill/013441c1-1f13-47e9-80c4-9a53e8e1bc05,KDevelop,knowledge
http://data.europa.eu/esco/skill/01d269d9-b058-4d6c-82a0-3779af9a124b,develop blockchain innovative architectures,skill/competence
http://data.europa.eu/esco/skill/02058de6-4b98-449f-8a45-8588b0eb2446,network engineering,knowledge
http://data.europa.eu/esco/skill/020918ef-4b55-47c1-8430-ab7b8f6a7377,migrate existing data,skill/competence
http://data.europa.eu/esco/skill/022dc430-872a-473a-9cf4-fed4895e58ad,define database physical structure,skill/competence
http://data.europa.eu/esco/skill/024037ca-96a9-4cb8-ba86-2cd5a209c90a,Maltego,knowledge
http://data.europa.eu/esco/skill/034c29fa-c3ba-45ea-b8f3-bf8e3705e386,Erlang,knowledge
http://data.europa.eu/esco/skill/03a74eee-2dc6-4147-8667-5cdeb65f122d,manage ICT data classification,skill/competence
http://data.europa.eu/esco/skill/03b9b491-fc9b-4868-914a-bf7cd47b5041,create solutions to problems,skill/competence
http://data.europa.eu/esco/skill/03ff0d53-573a-47a0-a0ad-1995815a4339,information structure,knowledge
http://data.europa.eu/esco/skill/04f1b938-d4d4-4cb1-a863-982af76b9d93,SAS language,knowledge
http://data.europa.eu/esco/skill/04fe962b-4017-4eb7-9139-7d69b6922bc9,use an application-specific interface,skill/competence
http://data.europa.eu/esco/skill/054f26ab-cfdc-4077-883c-1c4c9e9b310a,define firewall rules,skill/competence
http://data.europa.eu/esco/skill/055192dc-f16c-4855-835d-19cac6ff20aa,life sciences,knowledge
http://data.europa.eu/esco/skill/05b70efb-6b80-4f04-9a25-67cd317daf37,CryEngine,knowledge
http://data.europa.eu/esco/skill/062320e5-79d1-45e8-8b7e-5deeb53279a2,perform online data analysis,skill/competence
http://data.europa.eu/esco/skill/06358891-8424-43c5-891e-d40f226bef40,manage IT security compliances,skill/competence
http://data.europa.eu/esco/skill/06670261-ea6b-4b52-a915-c7d4ff837f74,identify statistical patterns,skill/competence
http://data.europa.eu/esco/skill/06f33d6a-f7a7-4a2b-baa5-8c3c53bd1a9c,keywords in digital content,knowledge
http://data.europa.eu/esco/skill/071233c4-ad2b-4f50-b79f-768d2231163e,domain name service,knowledge
http://data.europa.eu/esco/skill/0737ad0a-75ac-4696-988b-565820577ac0,use experience map,skill/competence
http://data.europa.eu/esco/skill/0760bfac-9a03-427a-ad84-ccd33a2f2ae8,mathematical modelling,knowledge
http://data.europa.eu/esco/skill/07884056-a07a-40b7-bba3-1ceed61f529c,blockchain signature schemes,knowledge
http://data.europa.eu/esco/skill/07889c08-7220-47c8-96f7-6068fbea00dc,normalise data,skill/competence
http://data.europa.eu/esco/skill/07dd856d-6141-48a7-a228-918f88494812,create prototype of user experience solutions,skill/competence
http://data.europa.eu/esco/skill/07e47d58-dd0e-4302-9e68-70a188e89065,apply system organisational policies,skill/competence
http://data.europa.eu/esco/skill/07e51c60-763a-4335-b4ec-70a15f66d328,propose ICT solutions to business problems,skill/competence
http://data.europa.eu/esco/skill/0823ccef-813f-4f22-afef-ac0d68615e8f,computer simulation,knowledge
http://data.europa.eu/esco/skill/0868eef3-2213-4572-9343-74931345a7d3,administer ICT system,skill/competence
http://data.europa.eu/esco/skill/089ee650-297e-4716-87d1-440743b70a0d,ensure compliance with environmental legislation,skill/competence
http://data.europa.eu/esco/skill/08a3dcea-12de-447b-a3a5-aa657abc5e97,execute social engineering tests,skill/competence
http://data.europa.eu/esco/skill/08b04e53-ed25-41a2-9f90-0b9cd939ba3d,manage research data,skill/competence
http://data.europa.eu/esco/skill/08ee68b2-0a6d-4bdf-a870-a36c0dc8064e,produce statistical financial records,skill/competence
http://data.europa.eu/esco/skill/08fe5910-8c4c-4679-a988-eb2ded3c4909,labour legislation,knowledge
http://data.europa.eu/esco/skill/09cf2c34-6f93-4a19-a9f1-c0d866414bcc,Cain and Abel (penetration testing tool),knowledge
http://data.europa.eu/esco/skill/09f2f811-a3fb-4de3-a70f-6420a6935575,systems development life-cycle,knowledge
http://data.europa.eu/esco/skill/0a099c81-6a0c-4f00-bb3b-990d23ec03a5,manage ICT change request process,skill/competence
http://data.europa.eu/esco/skill/0a30e5a8-60a8-4fda-9f89-8e9cee38da5a,use interface description language,skill/competence
http://data.europa.eu/esco/skill/0a43729f-2a79-4dae-9faa-95520daae79f,apply company policies,skill/competence
http://data.europa.eu/esco/skill/0a52bed5-fd29-45fb-aba6-e32bccfda1c1,plan migration to cloud,skill/competence
http://data.europa.eu/esco/skill/0a9acb6b-1139-4be9-b431-3a80a959f2f4,Agile project management,knowledge
http://data.europa.eu/esco/skill/0ab03c6c-281b-48f4-83e0-10eeb27a1bae,network management system tools,knowledge
http://data.europa.eu/esco/skill/0af062de-eb43-41e9-9b96-249e2cd22d26,use markup languages,skill/competence
http://data.europa.eu/esco/skill/0b0335f3-0aa1-491e-895e-81fc8774a300,develop automated migration methods,skill/competence
http://data.europa.eu/esco/skill/0bd4c62a-c309-467e-be76-8403b3f3a1a8,financial products,knowledge
http://data.europa.eu/esco/skill/0c766ca3-9364-4203-916b-fed16e4814c1,gather data for forensic purposes,skill/competence
http://data.europa.eu/esco/skill/0c77bcd5-b94a-475d-98e9-5a4327e4d726,statistical process control,knowledge
http://data.europa.eu/esco/skill/0c9f20cb-32fb-4ff7-877e-508762791151,RAGE (digital game creation systems),knowledge
http://data.europa.eu/esco/skill/0cc9c234-f817-4f4c-908a-4d28fe3b0f4a,coach employees,skill/competence
http://data.europa.eu/esco/skill/0ccdfe98-f845-4598-84a1-3dca66e9d9a3,Ruby (computer programming),knowledge
http://data.europa.eu/esco/skill/0cd6dcf1-5778-42a5-b685-4d01ae4a4871,Common Lisp,knowledge
http://data.europa.eu/esco/skill/0d168770-4d9c-4096-b048-a6577818d306,Apache Maven,knowledge
http://data.europa.eu/esco/skill/0d282d6e-8cb9-4339-8e7d-cfafed96b5ed,conduct literature research,skill/competence
http://data.europa.eu/esco/skill/0d4471ae-3820-4c23-8566-f44a7bd159b2,prepare licence agreements,skill/competence
http://data.europa.eu/esco/skill/0d6714c6-720e-4985-9791-5ab85d28da79,gather data,skill/competence
http://data.europa.eu/esco/skill/0d7826c4-6060-4161-803c-152edf1d9730,develop gambling games,skill/competence
http://data.europa.eu/esco/skill/0da516ee-e70e-4384-be13-f5ff80be8127,communicate with customers,skill/competence
http://data.europa.eu/esco/skill/0da6cab1-0ee9-4391-a299-f71fbf21db56,ICT network routing,knowledge
http://data.europa.eu/esco/skill/0daaf096-1639-461c-bf1a-bbeea77e6b67,internal risk management policy,knowledge
http://data.europa.eu/esco/skill/0dc7aa1b-b5af-4f4b-81ce-ee22ed8b6926,assess ICT knowledge,skill/competence
http://data.europa.eu/esco/skill/0dcbf7c5-bedf-4485-b16b-23df54443864,translate requirement concepts into content,skill/competence
http://data.europa.eu/esco/skill/0de61385-de6d-4146-ba32-1cc1bc102220,Lisp,knowledge
http://data.europa.eu/esco/skill/0e0c9c11-b39e-43cf-ba95-2fe646f5de64,identify customer requirements,skill/competence
http://data.europa.eu/esco/skill/0e1fe34b-f4e7-4642-8c8b-5a05ac3438e5,manage schedule of tasks,skill/competence
http://data.europa.eu/esco/skill/0e361e34-c563-4892-b9d3-873a6a4fef8a,digital game genres,knowledge
http://data.europa.eu/esco/skill/0e5affa0-705e-4b19-94e8-19e902e0287d,analyse decentralised applications,skill/competence
http://data.europa.eu/esco/skill/0e8d16c9-e2db-4862-ac06-1567f01ef806,building systems monitoring technology,knowledge
http://data.europa.eu/esco/skill/0ee7b0d6-db98-4785-9948-f2ef415d155a,write research proposals,skill/competence
http://data.europa.eu/esco/skill/0ee94af1-b445-4973-9c3f-459fab250342,apply conflict management,skill/competence
http://data.europa.eu/esco/skill/0ee94c0a-3716-494a-95a2-dcbab9e58be2,business requirements techniques,knowledge
http://data.europa.eu/esco/skill/0efbe2dc-2770-47ec-b8f4-d1bdff6ac0a4,advise on risk management,skill/competence
http://data.europa.eu/esco/skill/0f00f63f-3ab4-4057-b92f-500584b51757,Informatica PowerCenter,knowledge
http://data.europa.eu/esco/skill/0fb753a1-2ef2-4429-84d2-ecb2b24daf7a,Apache Tomcat,knowledge
http://data.europa.eu/esco/skill/0ffdb6ac-03b5-4f1c-bfcc-3d9cb874fdf9,ethical hacking principles,knowledge
http://data.europa.eu/esco/skill/1019423b-3368-4f83-b24f-19e5fa23e816,software UI design patterns,knowledge
http://data.europa.eu/esco/skill/103f7814-d262-4df6-a1b6-759bc51f76cb,sustainable technologies,knowledge
http://data.europa.eu/esco/skill/108ac398-6a84-454a-b56c-8bb0dee1bbf2,prepare exercise session,skill/competence
http://data.europa.eu/esco/skill/1110c92f-3059-445a-9436-0f4200d365f5,Sass,knowledge
http://data.europa.eu/esco/skill/11430d93-c835-48ed-8e70-285fa69c9ae6,design cloud architecture,skill/competence
http://data.europa.eu/esco/skill/114c9698-c999-4369-8498-81bf641fe871,establish an ICT security prevention plan,skill/competence
http://data.europa.eu/esco/skill/117373c8-f04b-4fff-8683-aebe36edac81,hardware platforms,knowledge
http://data.europa.eu/esco/skill/11747665-0e98-4f27-bd0d-536862cd5746,identify suppliers,skill/competence
http://data.europa.eu/esco/skill/118a9b27-1c5a-4214-b685-1a4d9e6365ea,computer forensics,knowledge
http://data.europa.eu/esco/skill/11c56452-fcec-4b00-9695-cca4728e5048,marketing analytics,knowledge
http://data.europa.eu/esco/skill/11eebd42-44ab-401d-8a2c-bdb9fc9beb50,information security strategy,knowledge
http://data.europa.eu/esco/skill/12274664-b642-4945-b88f-d7787dc3c9dd,design interaction model,skill/competence
http://data.europa.eu/esco/skill/123cf7c5-6a3b-419d-be4f-49a6cc020f9f,interactive media,knowledge
http://data.europa.eu/esco/skill/12d93356-78e7-4857-99a6-f00b4ae2ec77,analyse loans,skill/competence
http://data.europa.eu/esco/skill/13bdd41a-2a18-441f-96db-41252c519413,Visual Basic,knowledge
http://data.europa.eu/esco/skill/14062e1c-6540-4cb6-b343-ad419e3d10ac,blockchain components,knowledge
http://data.europa.eu/esco/skill/143769cb-b61e-47d8-a61e-eedfbec1016c,business intelligence,knowledge
http://data.europa.eu/esco/skill/14ced458-5f4b-495f-bd3d-9c240614bda0,Adobe Photoshop,knowledge
http://data.europa.eu/esco/skill/14d1e367-3efe-4ec5-86ae-eca48710ee4e,implement ICT security policies,skill/competence
http://data.europa.eu/esco/skill/14efc759-6a7d-4f7f-afc7-b0007410e9c1,create gambling games concepts,skill/competence
http://data.europa.eu/esco/skill/14fdac88-6d4a-4e47-9df5-02c6d1e86fdd,IBM InfoSphere DataStage,knowledge
http://data.europa.eu/esco/skill/1557b114-8222-46d5-acff-d2838909c302,provide connected car solutions,skill/competence
http://data.europa.eu/esco/skill/15d6d4e9-9b4b-4a93-aea5-a29a67b6d9e7,insurance law,knowledge
http://data.europa.eu/esco/skill/1605025e-a179-421f-8f35-5b07d182a6b2,web analytics,knowledge
http://data.europa.eu/esco/skill/16a00c69-9c74-4c37-96d7-6301d285e5ce,use e-services,skill/competence
http://data.europa.eu/esco/skill/172020d1-e151-445b-8173-e2a5fb16fe51,utilise computer-aided software engineering tools,skill/competence
http://data.europa.eu/esco/skill/1774bd31-8893-44cf-9498-7e3d95508419,screen reader,knowledge
http://data.europa.eu/esco/skill/17924c75-45f4-4593-afac-eea0d51f04b5,defence standard procedures,knowledge
http://data.europa.eu/esco/skill/17c9a790-5664-4673-8237-c4cf3c5a8da5,conduct impact evaluation of ICT processes on business,skill/competence
http://data.europa.eu/esco/skill/1859883d-c047-4fe1-8e74-7bb4385d6ad2,apply 3D imaging techniques,skill/competence
http://data.europa.eu/esco/skill/1973c966-f236-40c9-b2d4-5d71a89019be,use spreadsheets software,skill/competence
http://data.europa.eu/esco/skill/19a8293b-8e95-4de3-983f-77484079c389,Java (computer programming),knowledge
http://data.europa.eu/esco/skill/19c0e68e-6e6c-4698-85dc-ef66a9de2c37,maintain information network hardware,skill/competence
http://data.europa.eu/esco/skill/1a4cc54f-1e53-442b-a6d2-1682dc8ef8f9,creatively use digital technologies,skill/competence
http://data.europa.eu/esco/skill/1b3fc0e0-c6f9-45fc-9c6e-14bbba662979,develop information standards,skill/competence
http://data.europa.eu/esco/skill/1b70a55d-b8a4-49fc-96c6-15ab4cff2522,use data processing techniques,skill/competence
http://data.europa.eu/esco/skill/1b7c716e-af95-4cda-a42f-6479c8b139f5,MDX,knowledge
http://data.europa.eu/esco/skill/1bba98a7-92b9-450b-9235-e0c905f8f3c4,information architecture,knowledge
http://data.europa.eu/esco/skill/1c00bc98-2713-4c62-82c5-6d86f2e6a4cb,principles of animation,knowledge
http://data.europa.eu/esco/skill/1c08d63d-1c5e-4b9b-ad3e-f7ba7debb2d1,forecast organisational risks,skill/competence
http://data.europa.eu/esco/skill/1c2978b8-bb0d-4249-9c23-877571a4dffa,cloud security and compliance,knowledge
http://data.europa.eu/esco/skill/1c582939-d981-4325-a2ac-f87fc6cf2315,philosophy of mathematics,knowledge
http://data.europa.eu/esco/skill/1c7fbce8-741b-416a-8b34-f9900e0ddd52,Shiva (digital game creation systems),knowledge
http://data.europa.eu/esco/skill/1cdd0afe-196f-4d8a-924f-4d7473cce3c7,battery management systems,knowledge
http://data.europa.eu/esco/skill/1ce4cddd-4a74-458e-a2d4-152ca939475a,OWASP ZAP,knowledge
http://data.europa.eu/esco/skill/1d86f05e-e9cc-40ce-99d8-2b21cc71b16b,solution deployment,knowledge
http://data.europa.eu/esco/skill/1dae8445-12e5-423a-bb26-824010e299b9,ensure compliance with legal requirements,skill/competence
http://data.europa.eu/esco/skill/1dd23dba-dd00-45ab-abf4-642902538317,perform risk analysis,skill/competence
http://data.europa.eu/esco/skill/1de3942b-99d8-41e8-9ef0-fbc9e9f6307b,Drupal,knowledge
http://data.europa.eu/esco/skill/1e77e42a-181f-4b48-8e74-201ce50ffc29,interpret current data,skill/competence
http://data.europa.eu/esco/skill/1e7ed56a-6d6b-422f-962e-38543d150755,manage changes in ICT system,skill/competence
http://data.europa.eu/esco/skill/1f0fbd17-56b7-45cd-b841-e7d9e2a5a14e,identify blockchain innovation opportunities,skill/competence
http://data.europa.eu/esco/skill/1f1bef0f-2484-4136-a5bf-6ed80346a671,solve problems in gambling through digital means,skill/competence
http://data.europa.eu/esco/skill/1ff53c92-370d-414b-b758-b0a1b8026853,check methods,knowledge
http://data.europa.eu/esco/skill/1ffac4ac-fda7-407d-8ed1-ca8f4a8dc146,Angular,knowledge
http://data.europa.eu/esco/skill/208b41bd-3b61-4439-b3ca-d39628dd7fe3,compose digital game story,skill/competence
http://data.europa.eu/esco/skill/209a5498-3449-4689-8ed9-bd08cab4fd78,engineering principles,knowledge
http://data.europa.eu/esco/skill/20a8fe89-d4eb-4698-8521-8881c13377e0,interact professionally in research and professional environments,skill/competence
http://data.europa.eu/esco/skill/20c920d4-7ff7-4676-ba61-3f04490d9416,keep up with the latest information systems solutions,skill/competence
http://data.europa.eu/esco/skill/20f57a7f-b90e-4403-8c77-5ddd89b5835b,prepare lesson content,skill/competence
http://data.europa.eu/esco/skill/2164e860-7f20-48bc-b98c-5d9f8a561550,design computer network,skill/competence
http://data.europa.eu/esco/skill/2174c1b0-e13c-4850-8e4d-2bc6183018bf,cryptocurrency,knowledge
http://data.europa.eu/esco/skill/2180bd8c-86de-4889-8165-adac902eee9d,embedded systems,knowledge
http://data.europa.eu/esco/skill/21c5790c-0930-4d74-b3b0-84caf5af12ea,manage budgets,skill/competence
http://data.europa.eu/esco/skill/21d2f96d-35f7-4e3f-9745-c533d2dd6e97,computer programming,knowledge
http://data.europa.eu/esco/skill/21dfab2e-f954-49ab-8fb6-18cc98cf10bb,geometry,knowledge
http://data.europa.eu/esco/skill/21e0cad8-4eef-42be-b18b-0f8e37f0dbd0,product life-cycle,knowledge
http://data.europa.eu/esco/skill/21fecc8a-392e-49ce-ac26-fb0696ccfead,create project specifications,skill/competence
http://data.europa.eu/esco/skill/2239694b-771a-4586-8b54-2794e361a9ae,maintain relationship with customers,skill/competence
http://data.europa.eu/esco/skill/22b8039c-c890-4610-9228-5527e3b98f12,set quality assurance objectives,skill/competence
http://data.europa.eu/esco/skill/234aeb8d-56c3-4531-9193-1c5e6a8d16cb,use presentation software,skill/competence
http://data.europa.eu/esco/skill/23900e3d-06fa-424c-a5dc-c0ea42edde1e,Oracle Warehouse Builder,knowledge
http://data.europa.eu/esco/skill/23ac233d-84ad-4517-b0f5-8ca19ba2614e,monitor developments in field of expertise,skill/competence
http://data.europa.eu/esco/skill/23b45aa6-a479-486d-9e6f-062cbab7c68a,interfacing techniques,knowledge
http://data.europa.eu/esco/skill/24310a7b-5db1-4917-a705-4835630227ca,create incident reports,skill/competence
http://data.europa.eu/esco/skill/2450c3b3-e78e-435b-b84d-e05d984e71dc,software architecture models,knowledge
http://data.europa.eu/esco/skill/248894d1-42dc-474f-af6e-2da52ac0c679,define technology strategy,skill/competence
http://data.europa.eu/esco/skill/24c200e5-be20-4370-a137-ab53797f3a17,software frameworks,knowledge
http://data.europa.eu/esco/skill/251b5528-693c-4ef9-a7f6-9924bb8d7ef8,decentralized application frameworks,knowledge
http://data.europa.eu/esco/skill/2522a6ce-3202-4ac8-9f5b-b9cb5a3a83a1,debug software,skill/competence
http://data.europa.eu/esco/skill/25b291b5-8245-4d9d-b391-86a8a31d7109,use concurrent programming,skill/competence
http://data.europa.eu/esco/skill/25df422a-bf0a-4f76-8631-d0be91cb8751,model based system engineering,knowledge
http://data.europa.eu/esco/skill/25f0ea33-b4a2-4f31-b7b4-7d20e827b180,data mining,knowledge
http://data.europa.eu/esco/skill/2618f336-8e71-4666-83b5-f368edb0906d,cognitive psychology,knowledge
http://data.europa.eu/esco/skill/269b8734-fa1d-4c6f-a843-523fa3bbae6e,behavioural science,knowledge
http://data.europa.eu/esco/skill/26baf34d-6721-4bac-b7eb-add0bc566a82,attend to detail in preparation for audits,skill/competence
http://data.europa.eu/esco/skill/26fa7a33-a426-4cd5-9792-33bf668612e1,LESS,knowledge
http://data.europa.eu/esco/skill/27910071-8dcd-40e5-9b58-7db56e9d6d2c,forecast human population trends,skill/competence
http://data.europa.eu/esco/skill/27a87847-f6cc-4e49-af0b-3d17da351af6,advise legislators,skill/competence
http://data.europa.eu/esco/skill/27b913f0-3c52-448b-ad27-fc6ef08fb326,Adobe Illustrator,knowledge
http://data.europa.eu/esco/skill/27c7910a-c3b5-4d8d-a713-a6c334929a42,spatial planning,knowledge
http://data.europa.eu/esco/skill/27ed854c-15b8-4ba2-90e9-ae888a219703,perform business analysis,skill/competence
http://data.europa.eu/esco/skill/283cbcd3-7101-4dbb-be37-56f3625515b1,provide ICT consulting advice,skill/competence
http://data.europa.eu/esco/skill/2857540c-180b-4208-9127-e94a01871966,align software with system architectures,skill/competence
http://data.europa.eu/esco/skill/2891f0dc-4426-4a9a-8fbb-db4fb0a66f91,Nessus,knowledge
http://data.europa.eu/esco/skill/28a0fe16-4e03-4d5e-8f0e-5198309e77a9,perform forensic preservations of digital devices,skill/competence
http://data.europa.eu/esco/skill/29154735-107a-4daa-a050-537f7707f34e,conduct content quality assurance,skill/competence
http://data.europa.eu/esco/skill/292549e6-08ec-456c-b008-eba7a0a68428,analyse market financial trends,skill/competence
http://data.europa.eu/esco/skill/294cf13e-4fdf-4cb8-bb6b-31b9da7f4819,logic,knowledge
http://data.europa.eu/esco/skill/296f6b56-de45-4aac-aa96-43e4a4864724,blockchain architecture,knowledge
http://data.europa.eu/esco/skill/29fb0fb5-dfc4-4098-ac9b-3a712000f48f,manage database,skill/competence
http://data.europa.eu/esco/skill/2a0efd9a-4a60-4edc-8561-f2754d24eeb8,mathematical economics,knowledge
http://data.europa.eu/esco/skill/2a3a96a3-709e-4d60-81f6-d247d6933f13,manage system security,skill/competence
http://data.europa.eu/esco/skill/2b1e2927-3542-48da-9063-02925e7562c1,disseminate results to the scientific community,skill/competence
http://data.europa.eu/esco/skill/2b34764d-637c-48f5-aa70-31e15c965db6,operate open source software,skill/competence
http://data.europa.eu/esco/skill/2b7a79e5-84d8-4880-be66-3d9bb05bea17,use software design patterns,skill/competence
http://data.europa.eu/esco/skill/2b92a5b2-6758-4ee3-9fb4-b6387a55cc8f,perform data analysis,skill/competence
http://data.europa.eu/esco/skill/2bde42ae-e776-41c1-9ded-b07b30bfe985,Prolog (computer programming),knowledge
http://data.europa.eu/esco/skill/2c28fc20-8a60-4311-8899-5ef8729c05b3,design process,skill/competence
http://data.europa.eu/esco/skill/2c4e11ef-da18-4e19-816b-e6bc19e12424,use logic programming,skill/competence
http://data.europa.eu/esco/skill/2cc30e4e-2139-411a-9fa9-f0d616b64c57,monitor sociological trends,skill/competence
http://data.europa.eu/esco/skill/2d6d4784-0992-48e7-b100-22d7229b3f0a,translate requirements into visual design,skill/competence
http://data.europa.eu/esco/skill/2daec0e6-f0c1-43e8-8178-aedba99130ec,establish data processes,skill/competence
http://data.europa.eu/esco/skill/2ddb1226-1117-4eb4-ae65-3a2f5a5a3c80,ICT network security risks,knowledge
http://data.europa.eu/esco/skill/2de4572a-4724-4f76-afc2-72a568a264ac,speak different languages,skill/competence
http://data.europa.eu/esco/skill/2f04bb71-d476-43b3-a60b-5df1d05f5681,Octopus Deploy,knowledge
http://data.europa.eu/esco/skill/2fb8480e-de3c-462b-b169-e8bbb344da68,innovation processes,knowledge
http://data.europa.eu/esco/skill/2fd5cac8-b23f-46fe-b186-8836df388fda,assist in clinical trials,skill/competence
http://data.europa.eu/esco/skill/300d432b-f457-4cd3-9cb1-1858c7d14954,OpenEdge Advanced Business Language,knowledge
http://data.europa.eu/esco/skill/3012a059-e062-4171-b37e-f9e7c7eb603e,perform lectures,skill/competence
http://data.europa.eu/esco/skill/3140d979-2d6a-4c10-add9-f7091103829f,create concept of digital game,skill/competence
http://data.europa.eu/esco/skill/31c69100-b612-4a61-8db5-fd314318854c,execute analytical mathematical calculations,skill/competence
http://data.europa.eu/esco/skill/32428b21-514b-42c2-81b5-244a7804ea74,procurement of ICT network equipment,knowledge
http://data.europa.eu/esco/skill/326686e4-a55f-4eba-9d07-1c86408d5c5e,present evidence,skill/competence
http://data.europa.eu/esco/skill/327d15c8-29ff-4ad4-a4fe-6536d777a45f,documentation types,knowledge
http://data.europa.eu/esco/skill/334e3e49-fb02-4051-809a-f06adfdc1c40,troubleshoot,skill/competence
http://data.europa.eu/esco/skill/339ac029-066a-4985-9f9d-b3d7c8fea0bb,manage staff,skill/competence
http://data.europa.eu/esco/skill/33a82b83-c838-4889-ae62-fae1317481eb,protect personal data and privacy,skill/competence
http://data.europa.eu/esco/skill/33d49d4f-31ec-473f-9b8a-b555aa5116bb,iterative development,knowledge
http://data.europa.eu/esco/skill/33e584f9-ff7a-4979-bfc0-5a3a374a145a,social network analysis,knowledge
http://data.europa.eu/esco/skill/33efa504-2f26-424d-b662-cee77e6e9c93,digital identity management,knowledge
http://data.europa.eu/esco/skill/348b74cd-49ce-4844-8bdf-ec188b497213,visual presentation techniques,knowledge
http://data.europa.eu/esco/skill/3497ebe1-d417-4105-a68f-f7bbcac7ee5f,ICT hardware specifications,knowledge
http://data.europa.eu/esco/skill/3579208e-49b3-4ce4-98e7-20e41b1ce8d4,develop information security strategy,skill/competence
http://data.europa.eu/esco/skill/36931cb7-ca3f-4be1-8428-f38eefc8e1ed,execute email marketing,skill/competence
http://data.europa.eu/esco/skill/370ebe1f-55a5-424f-a44e-f3c19222d63b,advise on strengthening security,skill/competence
http://data.europa.eu/esco/skill/37838e04-ac5f-43a5-82d0-35f42351fd60,advise on safety improvements,skill/competence
http://data.europa.eu/esco/skill/3786b61f-f22e-48d1-af8d-ad4c354534db,manufacturing processes,knowledge
http://data.europa.eu/esco/skill/37a438f3-e28c-4e32-83c5-299f047c1dc9,apply tools for content development,skill/competence
http://data.europa.eu/esco/skill/37bc4dc0-1233-4008-98db-1116d0c1cfcc,define security policies,skill/competence
http://data.europa.eu/esco/skill/382c11ed-20d5-4ae7-b60e-15fec527fa6c,apply statistical analysis techniques,skill/competence
http://data.europa.eu/esco/skill/385479b7-5da5-4367-9763-0d15b41bb65b,provide user documentation,skill/competence
http://data.europa.eu/esco/skill/38716afc-a93b-44ab-96cc-2ecf67edcf32,do cloud refactoring,skill/competence
http://data.europa.eu/esco/skill/38788a64-6271-40ff-9e0b-5644c38322ff,consultation methods,knowledge
http://data.europa.eu/esco/skill/38d49d88-9069-467b-b29e-3cae739bdd4d,build predictive models,skill/competence
http://data.europa.eu/esco/skill/397da142-ab35-48fe-b154-7c38f447adfb,digital systems,knowledge
http://data.europa.eu/esco/skill/39f67488-cfd3-4370-8d7e-da98163102d9,evaluate research activities,skill/competence
http://data.europa.eu/esco/skill/3a09d732-08b9-4c90-8fd3-34e2d69ce084,explain blockchain implications,skill/competence
http://data.europa.eu/esco/skill/3a2d5b45-56e4-4f5a-a55a-4a4a65afdc43,machine learning,knowledge
http://data.europa.eu/esco/skill/3a5231a0-8c30-48ee-b671-08e2debd4441,organisational policies,knowledge
http://data.europa.eu/esco/skill/3af687cb-8c7a-46ea-a730-32dbaed040c6,Oracle Data Integrator,knowledge
http://data.europa.eu/esco/skill/3b3b7373-220a-4287-87cf-e24a208b63c6,quality and cycle time optimisation,knowledge
http://data.europa.eu/esco/skill/3bddfd7c-ab6d-40c2-883d-5e97fb7640ba,create software design,skill/competence
http://data.europa.eu/esco/skill/3be6b84a-fa78-42b9-a8df-150cdb40b9d7,ICT quality policy,knowledge
http://data.europa.eu/esco/skill/3be79ccc-a455-49b9-8c65-55c50071ba5b,distributed ledger technology,knowledge
http://data.europa.eu/esco/skill/3c03ee71-4a23-448f-b79e-81fd75d27dca,apply change management,skill/competence
http://data.europa.eu/esco/skill/3c1af34b-4562-4c39-a30e-0812b84a147e,use specialised design software,skill/competence
http://data.europa.eu/esco/skill/3c209873-c757-47bb-91b5-9b6dc05df116,banking activities,knowledge
http://data.europa.eu/esco/skill/3c2e6f38-42c1-46ec-b782-5854b2db330d,blockchain openness,knowledge
http://data.europa.eu/esco/skill/3c35dfa4-6dae-45a5-ae0a-f6a45923a95f,biometrics,knowledge
http://data.europa.eu/esco/skill/3c42d13b-d6e4-4ed9-bdc4-991251461dc4,engineering control theory,knowledge
http://data.europa.eu/esco/skill/3c4c3fa1-d638-42df-8e98-2a38021da6f9,use software for data preservation,skill/competence
http://data.europa.eu/esco/skill/3c6fe585-7d12-4315-b579-e30c042088ce,use computer-aided engineering systems,skill/competence
http://data.europa.eu/esco/skill/3c76296d-4bbd-44ba-8eaa-95bf275f79b7,manage ICT project,skill/competence
http://data.europa.eu/esco/skill/3cd569a2-4f88-4c1e-9995-8dce8c5e51a7,JavaScript,knowledge
http://data.europa.eu/esco/skill/3ce1fe19-7f9e-4070-941d-651673a5693b,decision support systems,knowledge
http://data.europa.eu/esco/skill/3cee858e-79e8-4a4b-b99f-93c7f735d58b,DB2,knowledge
http://data.europa.eu/esco/skill/3cfa46e9-b7da-44ac-b09e-9596dffe0425,optimise choice of ICT solution,skill/competence
http://data.europa.eu/esco/skill/3d03c40c-1b83-4793-8902-2523f40af59e,Microsoft Access,knowledge
http://data.europa.eu/esco/skill/3d3db1e7-b041-495e-8a93-deeacded8a2f,test for emotional patterns,skill/competence
http://data.europa.eu/esco/skill/3d3ee5c3-4286-457f-9f76-1704011f7e11,comply with legal regulations,skill/competence
http://data.europa.eu/esco/skill/3e23db60-0c3d-498a-a6ac-ffbed0ecb033,ICT accessibility standards,knowledge
http://data.europa.eu/esco/skill/3e2ab38a-4519-4bef-b762-a8bf4836a775,perform dimensionality reduction,skill/competence
http://data.europa.eu/esco/skill/3e40c7d0-0e36-4b33-bc33-0aa87eda0561,electrical engineering,knowledge
http://data.europa.eu/esco/skill/3e7516dc-0f7c-4686-8b2f-fade4e5d21be,3D texturing,knowledge
http://data.europa.eu/esco/skill/3e9b580d-811b-48df-a5d1-a7bdd26f901f,prepare financial auditing reports,skill/competence
http://data.europa.eu/esco/skill/3ec2e4d6-7000-4905-bf1a-c5b1679416de,data warehouse,knowledge
http://data.europa.eu/esco/skill/3f4dab51-572b-4e2c-85ef-3b4c3f7094e1,XQuery,knowledge
http://data.europa.eu/esco/skill/3fb8b724-1d52-4d11-b8b8-1776f558d1f0,design ICT hardware placement,skill/competence
http://data.europa.eu/esco/skill/3ff589b7-68df-4ea5-ae41-b395bdb2378f,ICT security standards,knowledge
http://data.europa.eu/esco/skill/401eb8d8-6daa-4f8b-90ad-60afc71eb4f8,Perl,knowledge
http://data.europa.eu/esco/skill/410540a4-b88c-4073-9da2-8aa5d7eaf780,player logic,knowledge
http://data.europa.eu/esco/skill/4134622c-c3fb-4a41-beb6-6d58ba5107db,demonstrate disciplinary expertise,skill/competence
http://data.europa.eu/esco/skill/41437077-2522-49bf-bcb2-083a23d52958,inform on workplace safety standards,skill/competence
http://data.europa.eu/esco/skill/415abd43-e8e5-4643-b5da-5f11307af57a,use different communication channels,skill/competence
http://data.europa.eu/esco/skill/418a56a2-7cfc-4b6d-8cf5-5c2add99a849,provide ICT system training,skill/competence
http://data.europa.eu/esco/skill/41bf7ede-fc84-4a57-8c89-b548d11b0ba1,manage business knowledge,skill/competence
http://data.europa.eu/esco/skill/41ec47dd-08b3-464a-9c45-c706f3e74467,industrial software,knowledge
http://data.europa.eu/esco/skill/41f2f9bf-1440-49f7-bbb1-2c3c3ea93f76,analyse blockchain use cases,skill/competence
http://data.europa.eu/esco/skill/4216e465-7baa-4884-a241-54b197bb9278,perform data mining,skill/competence
http://data.europa.eu/esco/skill/426ceaba-6867-481c-bb6b-aee3933da7d2,ICT safety,
http://data.europa.eu/esco/skill/42c3287f-5e50-4559-a2d1-2000c70e0aab,Pentaho Data Integration,knowledge
http://data.europa.eu/esco/skill/42cb7669-c371-4903-9c0b-13db67b2e4bb,emergent technologies,knowledge
http://data.europa.eu/esco/skill/42ed3bfb-1a01-4c8b-9758-fc6438865734,Smalltalk (computer programming),knowledge
http://data.europa.eu/esco/skill/42fcf80d-7b45-40f3-bd2f-5411c4c0dfa0,identify technological needs,skill/competence
http://data.europa.eu/esco/skill/4339176e-3acd-4f7f-a5d9-445bee3d23f2,mathematics,knowledge
http://data.europa.eu/esco/skill/4350c38d-0fe9-4ca7-bab9-40ed7f72b04f,PHP,knowledge
http://data.europa.eu/esco/skill/438ff259-d086-4004-acda-1ec3e1631bc6,software anomalies,knowledge
http://data.europa.eu/esco/skill/43ae58b9-5e56-4524-b45a-b422777a0576,database,knowledge
http://data.europa.eu/esco/skill/43b13058-68d0-40c6-8031-caf5a7b7d20c,keep task records,skill/competence
http://data.europa.eu/esco/skill/43dfbe7f-9e10-4871-b171-e5076737b4cf,digital marketing techniques,knowledge
http://data.europa.eu/esco/skill/43ec6db6-33f7-449b-a566-5779a7e8997a,OpenEdge Database,knowledge
http://data.europa.eu/esco/skill/440d5784-52a5-4729-8b04-29f978bd896d,respond to incidents in cloud,skill/competence
http://data.europa.eu/esco/skill/4463a721-69f3-413d-8321-43e3af13a4f1,use databases,skill/competence
http://data.europa.eu/esco/skill/446d29ed-9eaa-4798-bb91-5f196651ad0a,create game testing software,skill/competence
http://data.europa.eu/esco/skill/44847349-e7ff-4bdb-82b9-6a18140efcaf,recognise blockchain application areas,skill/competence
http://data.europa.eu/esco/skill/449d119b-2d66-43a9-9230-7d27f16afbb6,Xcode,knowledge
http://data.europa.eu/esco/skill/4503c65f-2bd0-4aa5-91cd-4188c7e5e31b,supercomputing,knowledge
http://data.europa.eu/esco/skill/45205440-fa65-44e0-a719-e89278dd723a,follow ethical code of conduct of gambling,skill/competence
http://data.europa.eu/esco/skill/452c4c68-50d7-42ed-8c4e-b437446637d0,develop investment portfolio,skill/competence
http://data.europa.eu/esco/skill/4570a262-b51f-46a1-a834-13ff67bee1c8,decentralised identifiers,knowledge
http://data.europa.eu/esco/skill/45a16833-6666-488d-aadf-e02e569275e8,use technology for forensics,skill/competence
http://data.europa.eu/esco/skill/45f1ae17-c20d-40fc-9307-7d33b6ca9213,image recognition,knowledge
http://data.europa.eu/esco/skill/465e7c78-cd26-4503-a5ca-40009e807705,assess users' interaction with ICT applications,skill/competence
http://data.europa.eu/esco/skill/46990b9b-746e-481d-a66a-0cac3f07dfac,find trends in geographic data,skill/competence
http://data.europa.eu/esco/skill/46e93774-7c6a-4dc5-bae9-be97cc461093,inter-organisational middleware system,knowledge
http://data.europa.eu/esco/skill/46ec0033-3c71-415e-bcff-b065675ba2dc,integrate ICT data,skill/competence
http://data.europa.eu/esco/skill/4754d9fe-dc3a-4f8f-8ea6-5dbcea3a21ca,develop computer vision system,skill/competence
http://data.europa.eu/esco/skill/477173ca-5fc2-406b-9122-95d92811f284,communicate with stakeholders,skill/competence
http://data.europa.eu/esco/skill/47a49cd6-097d-457a-9f7b-c290c14930d5,analyse big data,skill/competence
http://data.europa.eu/esco/skill/47b9bbcf-356c-4782-83a4-7f5a1b2b51a3,Assembly (computer programming),knowledge
http://data.europa.eu/esco/skill/47ca0da1-cae5-4395-ae6b-fd97b9ff48d3,system backup best practice,knowledge
http://data.europa.eu/esco/skill/47d491a9-f7c0-4b13-a10f-983d3aa0113e,safety engineering,knowledge
http://data.europa.eu/esco/skill/4840338b-ac6c-486a-be1d-9ddfe00b8bdf,Spiral development,knowledge
http://data.europa.eu/esco/skill/484d048c-a5d1-46a5-b57f-45b69c0ac552,analyse pipeline database information,skill/competence
http://data.europa.eu/esco/skill/484df271-bb52-49f1-8f50-f19624bf4df2,software components libraries,knowledge
http://data.europa.eu/esco/skill/485cdafb-3c7f-4104-ab1c-773e6131a39a,conduct scholarly research,skill/competence
http://data.europa.eu/esco/skill/48b68726-0fd6-4e03-a5eb-82236516ee7a,provide cost benefit analysis reports,skill/competence
http://data.europa.eu/esco/skill/48db96bf-3314-45c6-bad8-fdb6e20e5639,data engineering,knowledge
http://data.europa.eu/esco/skill/4913d0c0-133a-4c46-aac3-f5d4989a982e,product usage risks analysis,knowledge
http://data.europa.eu/esco/skill/4918ec9a-0204-4935-8b09-b0112370daa8,establish an Information Security Management System,skill/competence
http://data.europa.eu/esco/skill/4959697d-3a24-4f46-af0c-b752318e6c54,ObjectStore,knowledge
http://data.europa.eu/esco/skill/495ce586-09d7-4cec-83d7-2821be6590c4,smart contract programming languages,knowledge
http://data.europa.eu/esco/skill/49f85a99-086c-45b6-a6fa-eb90305af7b1,Chef (tools for software configuration management),knowledge
http://data.europa.eu/esco/skill/4a193795-fa63-414e-9f2e-bfdb3924571e,handle data samples,skill/competence
http://data.europa.eu/esco/skill/4a466c62-db7d-4905-9a41-f23214810acb,GIMP (graphics editor software),knowledge
http://data.europa.eu/esco/skill/4b51e76e-9e8a-455f-a289-5b48246345c4,hardware components,knowledge
http://data.europa.eu/esco/skill/4c016b68-4116-468c-9dc6-42710c239e4a,C#,knowledge
http://data.europa.eu/esco/skill/4c216189-4116-4e49-9557-8360378ea717,provide training on technological business developments,skill/competence
http://data.europa.eu/esco/skill/4cb51222-3e2e-417c-9a5c-e9ccf262721d,ensure compliance with company regulations,skill/competence
http://data.europa.eu/esco/skill/4cd85845-f31c-4306-994d-e12d45114d83,teach in academic or vocational contexts,skill/competence
http://data.europa.eu/esco/skill/4d30ad07-9e39-4899-81dd-02b280f162f9,apply systemic design thinking,skill/competence
http://data.europa.eu/esco/skill/4d39b27a-b34f-4c89-8d46-df844d42f728,increase the impact of science on policy and society,skill/competence
http://data.europa.eu/esco/skill/4d85b881-e490-4b4c-897a-2faa4ef53956,manage ICT data architecture,skill/competence
http://data.europa.eu/esco/skill/4da171e5-779c-4983-a76f-91c16751e99f,MySQL,knowledge
http://data.europa.eu/esco/skill/4da4587a-fd0b-4ca2-886c-c42a1562d432,design cloud networks,skill/competence
http://data.europa.eu/esco/skill/4ddf5204-95f5-4be2-ad35-571e2f493ae5,apply business acumen,skill/competence
http://data.europa.eu/esco/skill/4e5687e3-3d3a-4f5e-b76a-93da0124d453,operational tactics for emergency responses,knowledge
http://data.europa.eu/esco/skill/4e6d2538-a48e-48a7-8dad-14b067cfcb8b,TripleStore,knowledge
http://data.europa.eu/esco/skill/4ef13dee-380d-4b76-9034-c4995045303f,evaluate blockchain architectures,skill/competence
http://data.europa.eu/esco/skill/4f060129-8b75-4d58-a8dd-515bd8fef349,develop financial statistics reports,skill/competence
http://data.europa.eu/esco/skill/4f418fd8-2509-46b2-a5b1-722a4d2a382a,demonstrate games,skill/competence
http://data.europa.eu/esco/skill/4f5c1208-62fd-4e5a-a51e-306c06947e11,manage findable accessible interoperable and reusable data,skill/competence
http://data.europa.eu/esco/skill/4fabca9a-7435-4f33-b1da-3cdb00340fdc,perform scientific research,skill/competence
http://data.europa.eu/esco/skill/501537a7-9d63-491d-ae02-09f04767ff1e,attack vectors,knowledge
http://data.europa.eu/esco/skill/50597e96-9b6a-4736-ac79-dd80f36c0269,Metasploit,knowledge
http://data.europa.eu/esco/skill/505e4ef3-7ce4-437d-b7b4-5c608f71c258,build recommender systems,skill/competence
http://data.europa.eu/esco/skill/5063a99f-975b-4a7c-85e3-69ecb375b4d3,internet governance,knowledge
http://data.europa.eu/esco/skill/509909a2-4a8f-4ead-8ad0-968df63b77cc,social media marketing techniques,knowledge
http://data.europa.eu/esco/skill/50b100ea-74fd-4706-99db-3e4ca55e51b8,perform data cleansing,skill/competence
http://data.europa.eu/esco/skill/51586df8-1c46-4b47-8583-773cb63bf00b,R,knowledge
http://data.europa.eu/esco/skill/518dc04d-092d-4fa1-bd82-88b7a9278ef7,manage intellectual property rights,skill/competence
http://data.europa.eu/esco/skill/5233e3f4-904a-4f68-9327-707f11d93374,design digital call to action,skill/competence
http://data.europa.eu/esco/skill/52cf3037-ab53-4806-85ed-7fd21ea7f6a1,Groovy,knowledge
http://data.europa.eu/esco/skill/53456d90-8c0d-4bd2-9f1b-312619b6e2a6,hardware testing methods,knowledge
http://data.europa.eu/esco/skill/53780150-1581-4ae6-b435-34068c172caf,Vyper,knowledge
http://data.europa.eu/esco/skill/541561bc-510c-4a99-881c-2d8bf5a85462,use technical drawing software,skill/competence
http://data.europa.eu/esco/skill/545c80e8-7ab2-42fe-af64-242211e94709,analyse network configuration and performance,skill/competence
http://data.europa.eu/esco/skill/5489b6f6-ec0f-4536-a9e2-072ee8ec03b2,attend gaming tests,skill/competence
http://data.europa.eu/esco/skill/54924a2c-daca-40d3-9716-4b38ceb04f38,algorithms,knowledge
http://data.europa.eu/esco/skill/54c9c155-9293-4329-8ed2-2e76e8b519d4,define data quality criteria,skill/competence
http://data.europa.eu/esco/skill/54d774a3-de3b-4425-b0d7-c03bc99a0937,set up cybersecurity training programmes,skill/competence
http://data.europa.eu/esco/skill/553ad092-b799-44c9-a94c-65a84fdc7526,identify processes for re-engineering,skill/competence
http://data.europa.eu/esco/skill/553e1d2d-abf1-4b37-8ac4-c5c78a8edbc0,proxy servers,knowledge
http://data.europa.eu/esco/skill/557e9247-1a2d-4497-aa7f-0cded7768da1,Aircrack (penetration testing tool),knowledge
http://data.europa.eu/esco/skill/5592ab32-4e7a-4cda-8e64-ca36d5de8a10,adapt to changing situations,skill/competence
http://data.europa.eu/esco/skill/55c16653-343c-4d02-a9de-7d8e864a4592,Codenvy,knowledge
http://data.europa.eu/esco/skill/55cc1f3f-69fc-46ec-b24a-9708f6bd92b4,use software tools for site modelling,skill/competence
http://data.europa.eu/esco/skill/55e910e4-736d-44cf-bfa9-b15adc5d91d2,algebra,knowledge
http://data.europa.eu/esco/skill/56042303-972b-41be-9310-58467599ff7e,analyse business processes,skill/competence
http://data.europa.eu/esco/skill/5608d5a0-6d5e-43b7-be37-616501729bb4,artificial neural networks,knowledge
http://data.europa.eu/esco/skill/561c2525-5bd8-4d86-8f45-820f4be7db93,report test findings,skill/competence
http://data.europa.eu/esco/skill/56426cfa-6e92-4ed9-a632-f08849864588,review investment portfolios,skill/competence
http://data.europa.eu/esco/skill/56a10e3e-c9e7-4d39-b6f1-6013398fcb3a,use content management system software,skill/competence
http://data.europa.eu/esco/skill/56a7f561-1d55-43c9-9cd7-36a0a9bc6c50,ASP.NET,knowledge
http://data.europa.eu/esco/skill/56ff27ef-2565-45bf-a70c-f06d78d2a480,create a financial plan,skill/competence
http://data.europa.eu/esco/skill/57231a22-4da7-49c8-97b8-75672feadf1e,manage quantitative data,skill/competence
http://data.europa.eu/esco/skill/574257ea-7b64-4100-b7b6-e27c233fe143,digital communication and collaboration,
http://data.europa.eu/esco/skill/58783f72-5098-4807-b1d1-954ec2ae94c4,Backbox (penetration testing tool),knowledge
http://data.europa.eu/esco/skill/5898d99a-62a4-4e10-a2e3-0d815ce44248,cyber attack counter-measures,knowledge
http://data.europa.eu/esco/skill/58d7a289-dafd-4363-833f-d1dc4140885e,APL,knowledge
http://data.europa.eu/esco/skill/598de5b0-5b58-4ea7-8058-a4bc4d18c742,SQL,knowledge
http://data.europa.eu/esco/skill/59ea80e1-463a-4dba-82c6-d0b6d577d532,technical drawings,knowledge
http://data.europa.eu/esco/skill/59eb177a-2f30-4943-8b30-5f87dd51a80d,apply teaching strategies,skill/competence
http://data.europa.eu/esco/skill/5acf6408-e084-4202-9442-ffcf0119811c,security threats,knowledge
http://data.europa.eu/esco/skill/5b26f08b-88bc-45f0-b901-530d7786466b,scientific computing,knowledge
http://data.europa.eu/esco/skill/5b8a3dd2-de10-48a0-8ce5-522f1fff8450,perform contract compliance audits,skill/competence
http://data.europa.eu/esco/skill/5b9cde20-f1b9-4adc-bfb3-dbf70b14138d,use object-oriented programming,skill/competence
http://data.europa.eu/esco/skill/5be3d306-6cf1-4b49-aa1d-01651dd4ba4c,object-oriented modelling,knowledge
http://data.europa.eu/esco/skill/5c66ce3a-658d-43b1-9d8d-0f39be6c0f2e,WebCMS,knowledge
http://data.europa.eu/esco/skill/5c99d21a-9d02-4638-9b52-a6ba840dcb0a,synthesise financial information,skill/competence
http://data.europa.eu/esco/skill/5ce5236e-93e2-4899-8971-fff526f85a01,blockchain applications,knowledge
http://data.europa.eu/esco/skill/5d34adde-0b78-42b4-9d3d-69e9388d8398,oversee quality control,skill/competence
http://data.europa.eu/esco/skill/5d74614d-32c8-4ca4-9818-6980e52424b1,plan software testing,skill/competence
http://data.europa.eu/esco/skill/5d9e766b-8f17-4e17-bfab-3bb0e0719791,define quality standards,skill/competence
http://data.europa.eu/esco/skill/5da73370-f6b9-417d-a94c-09bf01f84aa2,use access control software,skill/competence
http://data.europa.eu/esco/skill/5da8018b-ae85-4cde-ad93-0394369018f3,SPARQL,knowledge
http://data.europa.eu/esco/skill/5ef0c719-5bcb-49f8-b8eb-824388225333,use scripting programming,skill/competence
http://data.europa.eu/esco/skill/5f0082ab-2131-49b5-94d6-a1821daf57d6,apply for research funding,skill/competence
http://data.europa.eu/esco/skill/5f00bf83-f776-4488-b312-6725f8b6783a,conduct public surveys,skill/competence
http://data.europa.eu/esco/skill/5fd5c985-eaaa-47aa-8314-62359c54505a,develop digital content,skill/competence
http://data.europa.eu/esco/skill/6014921e-1d25-4039-adc2-04852d61880e,ICT debugging tools,knowledge
http://data.europa.eu/esco/skill/605399ce-4736-4b41-b41e-92ecf2139454,Solidity,knowledge
http://data.europa.eu/esco/skill/60d48be0-4260-4b2e-85b9-aedff7a9b7d9,ICT capacity planning strategies,knowledge
http://data.europa.eu/esco/skill/611ed16b-99bf-4840-9cab-f55d1d286e0a,store digital data and systems,skill/competence
http://data.europa.eu/esco/skill/6195c5f7-a4fb-425d-a3dd-c4467c4471a3,deploy cloud resource,skill/competence
http://data.europa.eu/esco/skill/625b57ee-29d4-425b-bf99-9fd54dd021fe,Kali Linux,knowledge
http://data.europa.eu/esco/skill/628664ec-a63b-4486-8d65-02aba81c82a0,ICT sales methodologies,knowledge
http://data.europa.eu/esco/skill/629685b8-5f9e-4522-8cff-b3e2c4ec625a,digital data processing,
http://data.europa.eu/esco/skill/63095511-1841-4483-8224-f31a30bcdb85,legal standards in gambling,knowledge
http://data.europa.eu/esco/skill/6360a934-cc87-4954-9656-b32db20592e3,quantitative analysis,knowledge
http://data.europa.eu/esco/skill/637ca2e2-0624-48b1-be6e-9ff4580344ac,proofread text,skill/competence
http://data.europa.eu/esco/skill/63f0aa84-5e4c-4eb6-8e8c-876d9feedf1f,Outsourcing model,knowledge
http://data.europa.eu/esco/skill/6417a4cc-6f61-4459-a114-761a7fa0279d,Puppet (tools for software configuration management),knowledge
http://data.europa.eu/esco/skill/6430eb0d-c6de-46b7-a7fc-3dd2e8e62a69,use ICT ticketing system,skill/competence
http://data.europa.eu/esco/skill/6474fc36-67ae-436b-9d39-c14402c6a89b,use ICT hardware,skill/competence
http://data.europa.eu/esco/skill/64852ade-6ae1-4760-ba4a-976bf07ca255,manage disaster recovery plans,skill/competence
http://data.europa.eu/esco/skill/64db87c7-2360-4e20-88d3-d222402e477c,write database documentation,skill/competence
http://data.europa.eu/esco/skill/64e09849-a7db-4d6b-a932-66264420eb97,apply social media marketing,skill/competence
http://data.europa.eu/esco/skill/65e58886-bd1e-4c5b-8ca5-8d9b353c8aa1,data visualisation software,knowledge
http://data.europa.eu/esco/skill/668c3fd4-8443-4f27-bc1e-2d96205186b5,blockchain application areas,knowledge
http://data.europa.eu/esco/skill/66baba7d-178e-4c51-935f-03a9049ff2f6,communicate with banking professionals,skill/competence
http://data.europa.eu/esco/skill/670c79e9-aa33-41ae-9858-573ade0adb89,interview focus groups,skill/competence
http://data.europa.eu/esco/skill/670f8eea-f25b-4c3f-97ef-a4729d4c63d6,smart contract,knowledge
http://data.europa.eu/esco/skill/67a118f4-8a5f-48f7-8e5f-de34b9ca2c37,hybrid model,knowledge
http://data.europa.eu/esco/skill/6833e58b-eceb-4599-9375-1b7e6ec64087,ensure information security,skill/competence
http://data.europa.eu/esco/skill/68b6ef08-d823-489d-a95c-752ae6f6e6a7,read standard blueprints,skill/competence
http://data.europa.eu/esco/skill/68babd52-64d1-4904-a476-173828217fd2,examine credit ratings,skill/competence
http://data.europa.eu/esco/skill/68ef0e4d-5542-4e64-84f4-752cce5a3c22,statistical modeling techniques,knowledge
http://data.europa.eu/esco/skill/694dc996-52f3-4afa-a802-672e19f061b7,crowdsourcing strategy,knowledge
http://data.europa.eu/esco/skill/695c3249-18e7-4435-bdb8-54a16011159d,develop documentation in accordance with legal requirements,skill/competence
http://data.europa.eu/esco/skill/696e3b5b-8b61-45af-ae4c-3ab700f197ec,information extraction,knowledge
http://data.europa.eu/esco/skill/697dcc9f-ae92-4506-b5f2-e770d7589f74,utilise regular expressions,skill/competence
http://data.europa.eu/esco/skill/699c949a-699a-4858-a02e-a63f66872d6f,blockchain concept application,knowledge
http://data.europa.eu/esco/skill/69bbd53f-fbb0-4476-b4b2-ef7844464e28,web programming,knowledge
http://data.europa.eu/esco/skill/69cfc5ed-6569-4aca-a4cc-fd782ba51d9c,implement ICT risk management,skill/competence
http://data.europa.eu/esco/skill/69f0167e-75d9-46cf-847f-72a592880ebb,STAF,knowledge
http://data.europa.eu/esco/skill/69f23426-9279-4fe6-a283-24c2aa4c855d,ensure equipment availability,skill/competence
http://data.europa.eu/esco/skill/6a322874-e32f-4cd8-9683-badce67a7f73,develop automated software tests,skill/competence
http://data.europa.eu/esco/skill/6a536b36-c5c7-4d10-bf67-a4fb0f8549b2,audit techniques,knowledge
http://data.europa.eu/esco/skill/6a7792a9-888a-46ad-afc9-2c0d94c8fde6,create business process models,skill/competence
http://data.europa.eu/esco/skill/6a876489-7ad8-4a13-b09c-c9b8e97a302e,Waterfall development,knowledge
http://data.europa.eu/esco/skill/6a899482-8bcf-40ca-ae67-579a1cc467ab,manage engineering project,skill/competence
http://data.europa.eu/esco/skill/6aef2baa-5fa7-4c16-bd28-3e070ec4e4df,educate on data confidentiality,skill/competence
http://data.europa.eu/esco/skill/6b3afb82-c4ea-4f14-be54-a757fb762663,Vagrant,knowledge
http://data.europa.eu/esco/skill/6b4f794c-062e-4e05-863a-ae1bad44f395,Monte Carlo simulation,knowledge
http://data.europa.eu/esco/skill/6b643893-0a1f-4f6c-83a1-e7eef75849b9,develop with cloud services,skill/competence
http://data.europa.eu/esco/skill/6b6a9252-2ed7-4862-a02f-1578f4a532ea,Eclipse (integrated development environment software),knowledge
http://data.europa.eu/esco/skill/6bf6b5bd-6658-4338-b0ee-dc143e68e6d3,provide support in financial calculation,skill/competence
http://data.europa.eu/esco/skill/6c08403c-a5bb-4868-b8c2-b7d039c0e511,design database scheme,skill/competence
http://data.europa.eu/esco/skill/6d289e8b-2cc1-4eda-ab1f-ad1090ef98f0,WordPress,knowledge
http://data.europa.eu/esco/skill/6e4f75b4-c60f-4623-a9ba-760c8245753b,ICT communications protocols,knowledge
http://data.europa.eu/esco/skill/6e53fd99-b646-4327-9580-ac062ab21188,3D lighting,knowledge
http://data.europa.eu/esco/skill/6eff134b-e34f-4d6e-a6e8-5e47cf2228d0,risk management,knowledge
http://data.europa.eu/esco/skill/6f1edc19-191f-4ba5-a048-ee69aff05bab,security engineering,knowledge
http://data.europa.eu/esco/skill/6f2a4a5c-2f6e-49ab-8441-cd600d1f20ae,apply gaming psychology,skill/competence
http://data.europa.eu/esco/skill/6f7512ab-d46d-402a-8c30-a8878d7c1f88,SQL Server Integration Services,knowledge
http://data.europa.eu/esco/skill/6f8a40d6-f9ce-43ec-a72f-d4213a53f3ed,Ansible,knowledge
http://data.europa.eu/esco/skill/6f8baa62-bc2b-4cc1-942b-f540c837cfa2,outsourcing strategy,knowledge
http://data.europa.eu/esco/skill/6fa1c2c0-a012-4ca0-9642-e01569ba322c,ICT system integration,knowledge
http://data.europa.eu/esco/skill/6fe76a8b-4d5f-4cea-b76b-5908463fb014,study website behaviour patterns,skill/competence
http://data.europa.eu/esco/skill/709ef32a-7435-48e2-8fa2-16e389ecab8a,Cisco,knowledge
http://data.europa.eu/esco/skill/70de94f5-9575-4edd-bca7-c797b023b9d6,Oracle WebLogic,knowledge
http://data.europa.eu/esco/skill/7111b95d-0ce3-441a-9d92-4c75d05c4388,project management,knowledge
http://data.europa.eu/esco/skill/713fb616-118e-40bc-9366-4a69879a49d5,implement data quality processes,skill/competence
http://data.europa.eu/esco/skill/7159e587-c7cb-4ec0-a662-03e1dee2cccb,research design,knowledge
http://data.europa.eu/esco/skill/71717c33-dd63-4acf-b052-a5fd5d9fc490,ensure information privacy,skill/competence
http://data.europa.eu/esco/skill/71746a0b-e58d-4dc4-ad03-bd84082eae21,collect customer feedback on applications,skill/competence
http://data.europa.eu/esco/skill/7193cb6d-8334-494f-86e5-21e6d03a47c3,unified modelling language,knowledge
http://data.europa.eu/esco/skill/71ae4f64-6505-4b6f-91b9-5acfa5721798,obtain financial information,skill/competence
http://data.europa.eu/esco/skill/71c2f41e-14de-4b23-82ad-5dbcd54ba5b0,deploy ICT systems,skill/competence
http://data.europa.eu/esco/skill/7234e847-451d-499a-9c7b-0050a4e758d6,utilise content types,skill/competence
http://data.europa.eu/esco/skill/7253896a-fa39-4064-8b2c-0db4bd9b823e,report gaming incidents,skill/competence
http://data.europa.eu/esco/skill/7253d98c-4a6d-4e37-8b6c-accca9f4b639,develop ICT test suite,skill/competence
http://data.europa.eu/esco/skill/726abd5a-d23c-44b9-abb0-f22bbe95f1d3,operational research,knowledge
http://data.europa.eu/esco/skill/72a74f69-5cf1-43c5-99b9-62a444578919,engineering processes,knowledge
http://data.europa.eu/esco/skill/732cb4dd-af91-4c88-9a9f-5fc62144e500,provide information,skill/competence
http://data.europa.eu/esco/skill/734b6025-0d14-499d-8e95-fdf512058e77,image formation,knowledge
http://data.europa.eu/esco/skill/7364cc39-b9c0-449f-9416-57723e2fd9c4,use methodologies for user-centered design,skill/competence
http://data.europa.eu/esco/skill/7369f779-4b71-4aab-8836-48b69c676eec,operate relational database management system,skill/competence
http://data.europa.eu/esco/skill/736ef286-fbd3-4e5c-a4b4-d1e2008c9898,plan digital marketing,skill/competence
http://data.europa.eu/esco/skill/737f8895-46df-4283-8f38-13f3f0fc3b77,digital twin technology,knowledge
http://data.europa.eu/esco/skill/744442ac-c157-4350-8be0-ce454df4f5c5,perform ICT troubleshooting,skill/competence
http://data.europa.eu/esco/skill/7482a123-e801-48de-9733-262125671410,task algorithmisation,knowledge
http://data.europa.eu/esco/skill/74e49482-75e8-4637-bdb1-fff868d02f7a,scientific literature,knowledge
http://data.europa.eu/esco/skill/751941a0-5645-4f8b-b97e-b252909d5edb,develop ICT workflow,skill/competence
http://data.europa.eu/esco/skill/7557f0f4-b8bc-4ac0-b91e-222ab1ba744f,tools for ICT test automation,knowledge
http://data.europa.eu/esco/skill/75b30aeb-34c0-40f4-b77d-271d75a98b14,improve business processes,skill/competence
http://data.europa.eu/esco/skill/75f839c2-fd9a-4ad3-8921-6e734608568d,use query languages,skill/competence
http://data.europa.eu/esco/skill/76ef6ed3-1658-4a1a-9593-204d799c6d0c,NoSQL,knowledge
http://data.europa.eu/esco/skill/772a9c72-abef-4333-9788-f4cb48ad8e08,identify software for warehouse management,skill/competence
http://data.europa.eu/esco/skill/77980af4-bd9a-44c1-ae3b-9bcb98848ba5,lathe machine parts,knowledge
http://data.europa.eu/esco/skill/7814e88f-c133-4c3b-b27f-857afa145d42,ICT security legislation,knowledge
http://data.europa.eu/esco/skill/78a74fd1-efc6-49dc-adb1-1b0fbe35c22c,provide software testing documentation,skill/competence
http://data.europa.eu/esco/skill/7961413f-61d0-4722-9cd9-20a050a29899,perform software unit testing,skill/competence
http://data.europa.eu/esco/skill/797a4416-0b8d-44f3-8fcd-eb10bd0be6b4,develop software prototype,skill/competence
http://data.europa.eu/esco/skill/79c36c91-28a5-44b7-ab9b-7093b2d4b21e,advise on financial matters,skill/competence
http://data.europa.eu/esco/skill/79e29b8b-47d1-470d-b7b1-32506bfe7d9a,collect ICT data,skill/competence
http://data.europa.eu/esco/skill/79f24a62-7718-46e1-9b41-37be0560a5ca,organisational resilience,knowledge
http://data.europa.eu/esco/skill/7a17d7ce-01a2-4746-bbcc-22ffe22fa16e,monitor technology trends,skill/competence
http://data.europa.eu/esco/skill/7a34b3d9-bd3b-4f4e-a0f6-f97439901cb7,apply scientific methods,skill/competence
http://data.europa.eu/esco/skill/7a757fa5-9a6f-43ab-9e66-f8f4dba1ffcb,use CAM software,skill/competence
http://data.europa.eu/esco/skill/7a8fb784-67fa-41e9-a75c-6b491d91f800,develop strategy to solve problems,skill/competence
http://data.europa.eu/esco/skill/7adb8473-bcc6-4ff8-9850-76d945d40092,analyse ICT system,skill/competence
http://data.europa.eu/esco/skill/7af6e9e8-1e11-4c0b-b7c6-ac96bbbbc674,coordinate engineering teams,skill/competence
http://data.europa.eu/esco/skill/7b0d5000-00da-4864-b776-6de49a87a669,computer vision,knowledge
http://data.europa.eu/esco/skill/7b3abd38-61ae-42a4-88bb-0884784f9ee1,advise client on technical possibilities,skill/competence
http://data.europa.eu/esco/skill/7b5cb897-2ee8-450c-85a6-d73925cbd1dc,GameSalad,knowledge
http://data.europa.eu/esco/skill/7b5cce4d-c7fe-4119-b48f-70aa05391787,computer science,knowledge
http://data.europa.eu/esco/skill/7b85473a-d609-4da4-92b7-a66cfaa86302,stem cells,knowledge
http://data.europa.eu/esco/skill/7bdcdadb-146c-475f-8cff-921c6fd5f858,test for behavioural patterns,skill/competence
http://data.europa.eu/esco/skill/7bf4539a-3f2e-4485-876b-1c9306b181af,John The Ripper (penetration testing tool),knowledge
http://data.europa.eu/esco/skill/7c939ef4-adb2-4c0c-aa27-9cc1aefd7c81,blockchain-based services regulation,knowledge
http://data.europa.eu/esco/skill/7d10fcb2-b368-48ab-996b-7c9fafcf68ed,use automatic programming,skill/competence
http://data.europa.eu/esco/skill/7d5ff73e-7bea-436d-974f-3a51ce24a138,develop virtual game engine,skill/competence
http://data.europa.eu/esco/skill/7e1f9657-ab4e-407c-842f-b846197060e3,execute ICT audits,skill/competence
http://data.europa.eu/esco/skill/7e5a7bec-0e19-4a35-b27b-1c4a6d9c4de0,mathematical physics,knowledge
http://data.europa.eu/esco/skill/7e796b51-49d7-4e73-95af-2e7323763f15,design database in the cloud,skill/competence
http://data.europa.eu/esco/skill/7ee4c2ea-b349-4bd2-81a3-ec31475d4833,statistics,knowledge
http://data.europa.eu/esco/skill/7f0b1a66-ebaf-4c8a-b606-4c1844eb692e,attend to ICT systems quality,skill/competence
http://data.europa.eu/esco/skill/7f18039d-dfae-471b-9daa-507f6b2d2842,urban planning,knowledge
http://data.europa.eu/esco/skill/7f27f1ff-2e17-4b69-990e-c23334478313,assessment of risks and threats,knowledge
http://data.europa.eu/esco/skill/7f2afce6-e98b-4bbe-8441-d52b45e28ab8,telecom regulations,knowledge
http://data.europa.eu/esco/skill/7f4d1dee-bc5a-495a-926b-17b383b8d8fd,green building standards,knowledge
http://data.europa.eu/esco/skill/7f6f3d05-7b6f-4622-9082-6c355edfcb7e,sports competition information,knowledge
http://data.europa.eu/esco/skill/8088750d-8388-4170-a76f-48354c469c44,cyber security,knowledge
http://data.europa.eu/esco/skill/810134a4-3c40-4140-b8ca-6d6e8d0dc0f1,develop scientific theories,skill/competence
http://data.europa.eu/esco/skill/81633a44-f1db-4a01-a940-804c6905e330,use word processing software,skill/competence
http://data.europa.eu/esco/skill/8181aa4c-42bc-4036-a3d2-5cb6bbb34239,handle cybersecurity incidents,skill/competence
http://data.europa.eu/esco/skill/81b082fb-9a00-4660-976a-10c985979100,IBM InfoSphere Information Server,knowledge
http://data.europa.eu/esco/skill/82de2df7-0d6c-42b1-94ac-b3e9a029e917,use back-up and recovery tools,skill/competence
http://data.europa.eu/esco/skill/8300443c-c793-4102-bff5-aa917a0cb39f,define roadmap for blockchain in applications,skill/competence
http://data.europa.eu/esco/skill/8316979b-df5a-4dc7-98ef-61ec6a10df84,conduct quantitative research,skill/competence
http://data.europa.eu/esco/skill/83218cac-3599-417e-93d2-26013cdccd98,service-oriented modelling,knowledge
http://data.europa.eu/esco/skill/8327754d-3990-4056-b07e-4faa49cfcd26,innovate in ICT,skill/competence
http://data.europa.eu/esco/skill/833289fa-3646-4010-9d9e-93ba8c9ef2d8,apply research ethics and scientific integrity principles in research activities,skill/competence
http://data.europa.eu/esco/skill/8359bd04-d2cb-4757-af1f-39a921df9efe,remove computer virus or malware from a computer,skill/competence
http://data.europa.eu/esco/skill/8369c2d6-c100-4cf6-bd83-9668d8678433,utilise machine learning,skill/competence
http://data.europa.eu/esco/skill/8369ede5-4200-4a44-be2e-bc60ef959259,Microsoft Visual C++,knowledge
http://data.europa.eu/esco/skill/83b33952-3872-46ec-9a2e-b28f91303a7e,oversee development of software,skill/competence
http://data.europa.eu/esco/skill/84251cb1-babf-4d17-a3cd-baa642c24c8d,IBM Informix,knowledge
http://data.europa.eu/esco/skill/84f583f4-f32a-4202-9b92-e25f0c978410,core banking software,knowledge
http://data.europa.eu/esco/skill/84f58e3d-8669-4d83-8c1d-5dd1e73a654f,create database diagrams,skill/competence
http://data.europa.eu/esco/skill/85038d57-1fdd-40de-b908-2c005545a8c3,SketchBook Pro,knowledge
http://data.europa.eu/esco/skill/85616cc4-98bf-4355-9cf1-72ff11752848,develop ICT device driver,skill/competence
http://data.europa.eu/esco/skill/85a67bc3-708c-4eab-86f6-4529d01d12a6,contribute to development of biometric systems,skill/competence
http://data.europa.eu/esco/skill/85c11255-469f-41bd-a6d1-382bc4a87783,interpret technical texts,skill/competence
http://data.europa.eu/esco/skill/85f46538-ae70-498a-bfbc-b8ddafe96c7d,levels of software testing,knowledge
http://data.europa.eu/esco/skill/861313ba-3a1a-4d33-842a-1b8e45e2415b,manage ICT legacy implication,skill/competence
http://data.europa.eu/esco/skill/861cc783-6d4c-442e-9081-3a6e389be454,install electronic communication equipment,skill/competence
http://data.europa.eu/esco/skill/867137fb-ff1b-4ca3-99f3-cb6969aa2c68,TypeScript,knowledge
http://data.europa.eu/esco/skill/8696aff0-18c0-4ba6-a4d0-9a21861b3e5e,World Wide Web Consortium standards,knowledge
http://data.europa.eu/esco/skill/86d2e2ea-1ba2-4aa6-b465-8a1f9abc81b8,apply information security policies,skill/competence
http://data.europa.eu/esco/skill/86f7126d-97fd-4da5-be96-d1cf6ecd54e6,Microsoft Visio,knowledge
http://data.europa.eu/esco/skill/872a1632-f1db-4feb-bb27-0a6a359b7591,promote open innovation in research,skill/competence
http://data.europa.eu/esco/skill/875eeec4-fc70-4e6a-80ef-4d18356976e3,forecast workload,skill/competence
http://data.europa.eu/esco/skill/8764d4b1-e069-44f2-8baa-fb1eee1850ec,Oracle Application Development Framework,knowledge
http://data.europa.eu/esco/skill/8770350e-746f-4adb-9556-18ca68104be6,market research,knowledge
http://data.europa.eu/esco/skill/8785ccda-6f9f-4cf3-9033-fda10653d0be,JSSS,knowledge
http://data.europa.eu/esco/skill/8881a9c2-bd07-4954-bf27-c1f8acca9af0,sociology,knowledge
http://data.europa.eu/esco/skill/896563fc-6255-4419-89c2-ffed30159ad6,conduct research interview,skill/competence
http://data.europa.eu/esco/skill/897b393f-e7e0-4248-a40d-d77119694e83,distributed computing,knowledge
http://data.europa.eu/esco/skill/89ba58e8-a67e-4d2b-ad42-6acab25c241b,measure customer feedback,skill/competence
http://data.europa.eu/esco/skill/89d574b8-f0ea-4ae8-9008-f575e37e9f11,implement smart contracts,skill/competence
http://data.europa.eu/esco/skill/89db623e-e1fc-4ec2-9a0f-7b72b4c35303,gather experimental data,skill/competence
http://data.europa.eu/esco/skill/89f6560b-2194-45c9-9ece-d33049a73eef,computer engineering,knowledge
http://data.europa.eu/esco/skill/8a16add0-6faa-4387-896c-ee641568d89f,trigonometry,knowledge
http://data.europa.eu/esco/skill/8a30eb28-eca0-4ab6-8c05-32c47d3e0dd6,BlackArch,knowledge
http://data.europa.eu/esco/skill/8abdc43c-2bfd-417c-97c2-27fcdaf53171,promote environmental awareness,skill/competence
http://data.europa.eu/esco/skill/8b0f73ff-d36b-4196-bb83-464c3a6ef07d,game theory,knowledge
http://data.europa.eu/esco/skill/8b2f716d-4ee3-41ca-97de-62ef56f80591,games rules,knowledge
http://data.europa.eu/esco/skill/8b94aa1e-89c9-459d-b3b4-1dfab8dec2df,use software libraries,skill/competence
http://data.europa.eu/esco/skill/8bbdb795-0deb-478f-91e4-5238867ed8ba,blockchain terminology,knowledge
http://data.europa.eu/esco/skill/8c1ffdbd-3581-4102-bcf9-d802ded713fa,types of pensions,knowledge
http://data.europa.eu/esco/skill/8c4c49d4-9708-433f-8ca7-bf2c5211ee49,develop creative ideas,skill/competence
http://data.europa.eu/esco/skill/8c88d336-c249-4537-b26e-d679a85c4b9b,Ajax Framework,knowledge
http://data.europa.eu/esco/skill/8d4271ca-c9fd-40b3-875f-15f78332a49e,quality standards,knowledge
http://data.europa.eu/esco/skill/8dcbcabe-09f7-4d11-940d-125af57bbc40,track key performance indicators,skill/competence
http://data.europa.eu/esco/skill/8efa6a7a-6556-4cb8-908d-59d3b5c58d2f,cloud monitoring and reporting,knowledge
http://data.europa.eu/esco/skill/8f32e02a-9290-47ab-ad28-6567bfc2f17a,design process for blockchain-based systems,skill/competence
http://data.europa.eu/esco/skill/8f6ed69b-29d0-4c01-81ba-f05920a185f3,digital curation,knowledge
http://data.europa.eu/esco/skill/8fa510d0-a8a6-4932-a361-00f8442cfe23,Wireshark,knowledge
http://data.europa.eu/esco/skill/8fa840f7-e66a-4370-8e6d-7d554260c31c,forecast future ICT network needs,skill/competence
http://data.europa.eu/esco/skill/8ff015a0-98ea-4d80-a23e-1f68110a919e,software design methodologies,knowledge
http://data.europa.eu/esco/skill/901105f8-3a08-453e-b1dc-23619e317fd3,create flowchart diagram,skill/competence
http://data.europa.eu/esco/skill/902fb91c-3113-4004-9b4f-79aa86b638b7,web application security threats,knowledge
http://data.europa.eu/esco/skill/9035afc4-5317-455d-ab60-f32e2ecc6bfc,blockchain platforms,knowledge
http://data.europa.eu/esco/skill/906323f4-00c4-4c3b-ab5a-8af77be3456e,create data sets,skill/competence
http://data.europa.eu/esco/skill/909a28ce-d4b6-4567-9b74-d111f1ed9633,maintain plan for continuity of operations,skill/competence
http://data.europa.eu/esco/skill/90be83d9-56f1-46a4-a6bc-96c51f6c9025,acquire system component,skill/competence
http://data.europa.eu/esco/skill/9136cbf1-7916-4f1c-bc9a-0318ee1d6016,human-computer interaction,knowledge
http://data.europa.eu/esco/skill/913e7e83-b8f8-4574-b1ca-1b38f3fd974a,execute software tests,skill/competence
http://data.europa.eu/esco/skill/918f5211-b99f-4b29-9a34-6e475583ef55,write work-related reports,skill/competence
http://data.europa.eu/esco/skill/9190d87f-9792-42e0-bb7f-64294a656bcd,monitor system performance,skill/competence
http://data.europa.eu/esco/skill/91a36728-ce00-4293-bdac-4e24eced9c86,opinion poll,knowledge
http://data.europa.eu/esco/skill/925463a7-d51f-4d5b-9f79-4d28cf30acde,integrated development environment software,knowledge
http://data.europa.eu/esco/skill/92721092-fe7c-4689-96bd-4f02385bc0e7,manage contracts,skill/competence
http://data.europa.eu/esco/skill/9295d1c5-8d7d-423e-a6ce-dfbc1d991f88,apply digital mapping,skill/competence
http://data.europa.eu/esco/skill/93aaf65c-5aad-4e6f-a7ba-ce9bf7c0e6e6,information categorisation,knowledge
http://data.europa.eu/esco/skill/93b22bbf-ece1-4e2d-8d47-0c9392c5a4fd,develop blockchain technology,skill/competence
http://data.europa.eu/esco/skill/93e65de1-923c-437e-aa5b-e6002967ce71,web based collaborative platforms,knowledge
http://data.europa.eu/esco/skill/93f1caa3-df33-4de7-98da-40f5fc30fd52,forensic intelligence,knowledge
http://data.europa.eu/esco/skill/9433da85-70fa-4a25-8f96-71fa59dd1989,biology,knowledge
http://data.europa.eu/esco/skill/945b8655-5577-4c3a-946a-842d4527afa8,digital image processing,knowledge
http://data.europa.eu/esco/skill/94b2c46e-6338-4a1d-950a-d44eef018c53,collaborate with engineers,skill/competence
http://data.europa.eu/esco/skill/94dd823c-148e-4614-a6e8-99249b16357d,ICT project management,knowledge
http://data.europa.eu/esco/skill/9531fe02-1e1f-4a36-95f7-a76a77cd4b8d,consult with business clients,skill/competence
http://data.europa.eu/esco/skill/95ee5e38-5c1e-4cd2-a21d-6921390025a9,usability engineering,knowledge
http://data.europa.eu/esco/skill/96550830-539b-4746-96aa-92aa4959945d,apply risk management processes,skill/competence
http://data.europa.eu/esco/skill/966f2fd3-3de6-42da-b87c-da924c6d7960,digital game creation systems,knowledge
http://data.europa.eu/esco/skill/967b60c2-4657-4ffc-bcaf-aab565793f97,philosophy,knowledge
http://data.europa.eu/esco/skill/96a67da1-881f-4d09-927e-ac75fcff4d93,compile content,skill/competence
http://data.europa.eu/esco/skill/96eb286a-58b7-45ff-a916-5578d0b79b8c,Rapid application development,knowledge
http://data.europa.eu/esco/skill/9707091a-323b-4240-877a-5999a19286f0,apply ICT system usage policies,skill/competence
http://data.europa.eu/esco/skill/9710092c-f174-4e84-95bf-2064d39ad7a0,manage content metadata,skill/competence
http://data.europa.eu/esco/skill/9714735d-6f60-440b-bdbc-aaf45ebcbe78,analyse the context of an organisation,skill/competence
http://data.europa.eu/esco/skill/976455eb-5bbe-4493-ae64-ed16c3b009ea,mobile operating systems,knowledge
http://data.europa.eu/esco/skill/978db6a1-7297-4c89-819a-47605f2c3ba8,manage software releases,skill/competence
http://data.europa.eu/esco/skill/97965983-0da4-4902-9daf-d5cd2693ef73,3D modelling,knowledge
http://data.europa.eu/esco/skill/979cf728-896f-4f2c-8fa8-2698ca0d4930,publish academic research,skill/competence
http://data.europa.eu/esco/skill/97bd1c21-66b2-4b7e-ad0f-e3cda590e378,data analytics,knowledge
http://data.europa.eu/esco/skill/97bdd757-29d4-4126-92a6-07608825aa3b,QlikView Expressor,knowledge
http://data.europa.eu/esco/skill/98301d4a-2cc3-439d-8d7f-0b6ac76302bb,business process modelling,knowledge
http://data.europa.eu/esco/skill/9889b795-d755-41b2-8afd-2e3c87a65a38,use customer relationship management software,skill/competence
http://data.europa.eu/esco/skill/988f4ac3-a37c-4b0a-a40f-4e0e56b5919e,promote the transfer of knowledge,skill/competence
http://data.europa.eu/esco/skill/98a1dec3-8138-4f46-a596-5e2a83b884b9,business analytics,knowledge
http://data.europa.eu/esco/skill/98a57799-0146-4849-a1d2-41021c4b7b8f,blockchain applications security principles,knowledge
http://data.europa.eu/esco/skill/99207709-d076-4cce-ba38-e90d3bb28806,resource description framework query language,knowledge
http://data.europa.eu/esco/skill/993b1e23-f2de-4bd8-b33f-f86dde1c8e9d,CoffeeScript,knowledge
http://data.europa.eu/esco/skill/9973a5a2-7822-4161-99e9-95c781eb63f8,Objective-C,knowledge
http://data.europa.eu/esco/skill/99c4c69a-025c-464f-adda-874c7f107a31,engage with stakeholders,skill/competence
http://data.europa.eu/esco/skill/9a0d0abc-010d-440b-8242-7e31510471ba,information governance compliance,knowledge
http://data.europa.eu/esco/skill/9a58cd26-58eb-4a1c-b1b6-64037fe9cfa1,think abstractly,skill/competence
http://data.europa.eu/esco/skill/9b9662e0-100a-4314-9bdc-8146a7105c3d,develop scientific research protocols,skill/competence
http://data.europa.eu/esco/skill/9b9de2a4-d8af-4a7b-933a-a8334ae60067,JavaScript Framework,knowledge
http://data.europa.eu/esco/skill/9ba8fd27-275d-4bad-8c48-f668aa99a578,balance database resources,skill/competence
http://data.europa.eu/esco/skill/9bb7a97a-1a16-431e-8ea6-ad0f9f59aa0a,control objectives for information and related technology,knowledge
http://data.europa.eu/esco/skill/9c071f1d-eac3-449d-b004-c14775b5a3b9,mechanical engineering,knowledge
http://data.europa.eu/esco/skill/9c48a5cc-d4a5-4cef-93f7-504902f35319,id Tech,knowledge
http://data.europa.eu/esco/skill/9ce670ec-318c-4a91-9179-03437db728dc,ICT software specifications,knowledge
http://data.europa.eu/esco/skill/9cf681c7-89ec-470c-b651-7fe03786f586,query languages,knowledge
http://data.europa.eu/esco/skill/9d0d89be-bffa-4393-b6f6-8d05bea49051,"data extraction, transformation and loading tools",knowledge
http://data.europa.eu/esco/skill/9d1b08b3-ba1e-41f6-a466-1ac1e62eb5f0,conduct ICT code review,skill/competence
http://data.europa.eu/esco/skill/9d2e926f-53d9-41f5-98f3-19dfaa687f3f,tools for software configuration management,knowledge
http://data.europa.eu/esco/skill/9d2f77af-4307-4ac5-bc50-a9980cec7e83,develop reporting software,skill/competence
http://data.europa.eu/esco/skill/9e06bac6-6b91-48ca-8b7d-c1f48cdecd7c,solve ICT system problems,skill/competence
http://data.europa.eu/esco/skill/9e84a506-df06-4be3-874a-fa01293e3dd5,business processes,knowledge
http://data.europa.eu/esco/skill/9e9a4209-c7cf-4f6e-973e-dc2ffadccc74,perform procurement processes,skill/competence
http://data.europa.eu/esco/skill/9ef0f3a0-9ce2-4ef1-a987-0366b5cb2dbe,database development tools,knowledge
http://data.europa.eu/esco/skill/9faa44df-0821-4f69-8f86-184c799cf44f,HeroEngine,knowledge
http://data.europa.eu/esco/skill/9fc400ac-8ed2-4aff-915f-aa4f2609ec7b,multidisciplinary research,knowledge
http://data.europa.eu/esco/skill/9ff9db9d-d14b-426e-83f3-e7449af6c79f,manage data,skill/competence
http://data.europa.eu/esco/skill/a06907da-7037-45ef-846c-4b684c9b6f91,study human population,skill/competence
http://data.europa.eu/esco/skill/a0bf9b9d-e53f-418c-a839-5d99eff718fe,conduct search engine optimisation,skill/competence
http://data.europa.eu/esco/skill/a0cd5d35-a1f4-48bf-b78f-11faf4f1935f,proteomics,knowledge
http://data.europa.eu/esco/skill/a1a8e4ae-f1e3-44aa-9067-e587e69634cd,respect cultural preferences,skill/competence
http://data.europa.eu/esco/skill/a1eef0f4-133f-464a-a8f1-68fe3e8cc1b4,healthcare analytics,knowledge
http://data.europa.eu/esco/skill/a23659b1-a8bc-4331-a58d-eef263ca6a14,follow work procedures,skill/competence
http://data.europa.eu/esco/skill/a283db93-b160-4b6f-9855-4e79806c4674,Project Anarchy,knowledge
http://data.europa.eu/esco/skill/a2b5dcf3-5b6a-453d-876c-cff540c0faf1,CAD software,knowledge
http://data.europa.eu/esco/skill/a2fef437-6719-47c2-8552-73b9fe81df86,plan ICT capacity,skill/competence
http://data.europa.eu/esco/skill/a3ce2bf7-5562-4639-9b52-fdb4850a3904,ICT problem management techniques,knowledge
http://data.europa.eu/esco/skill/a4346013-a967-4a58-a533-6b32ad1364c5,data protection,knowledge
http://data.europa.eu/esco/skill/a47d194d-0ffd-4aaa-b695-fbbe0255000e,design information system,skill/competence
http://data.europa.eu/esco/skill/a4a882a1-0263-4dd2-b29a-f0028cac2393,define integration strategy,skill/competence
http://data.europa.eu/esco/skill/a4c2aa71-086f-4a46-b481-2619673c9dfe,execute ICT user research activities,skill/competence
http://data.europa.eu/esco/skill/a4d336a6-9ffd-402a-91cc-f359716ba4e0,ML (computer programming),knowledge
http://data.europa.eu/esco/skill/a4e31589-3632-4926-91d0-15b889c90b9b,IBM WebSphere,knowledge
http://data.europa.eu/esco/skill/a56dec32-05ef-45de-a256-ee6741f356db,information confidentiality,knowledge
http://data.europa.eu/esco/skill/a57a54b6-2f2e-43e4-9621-b52f4a63cb08,LDAP,knowledge
http://data.europa.eu/esco/skill/a5826fe3-8df6-4fa8-adad-b7116864588f,communicate mathematical information,skill/competence
http://data.europa.eu/esco/skill/a584a638-a2c0-4b3c-bdf3-a64f87225be9,mentor individuals,skill/competence
http://data.europa.eu/esco/skill/a59708e3-e654-4e37-8b8a-741c3b756eee,multimedia systems,knowledge
http://data.europa.eu/esco/skill/a71577b2-7550-4222-88ee-dcbd2d881516,graphics editor software,knowledge
http://data.europa.eu/esco/skill/a7723f06-53c3-4228-9fd0-1952ea1d7391,Havok Vision,knowledge
http://data.europa.eu/esco/skill/a7a14be2-78b5-4b4a-ba77-2658285e2756,apply reverse engineering,skill/competence
http://data.europa.eu/esco/skill/a7f0fbe0-c546-4f30-8e41-34a58c64567e,data storage,knowledge
http://data.europa.eu/esco/skill/a80fb090-63f4-4b05-83a5-2f090deb7757,manage data collection systems,skill/competence
http://data.europa.eu/esco/skill/a846cb9e-c152-41e7-bd34-45e7ff941e3b,legal requirements of ICT products,knowledge
http://data.europa.eu/esco/skill/a8797f21-1af0-4c5e-98ca-bf1442929363,interact with users to gather requirements,skill/competence
http://data.europa.eu/esco/skill/a89a94fb-c417-49b4-a9a9-9a22e0f12697,manage data for legal matters,skill/competence
http://data.europa.eu/esco/skill/a8b3957f-08b4-4a76-927d-0b2e3d0dbd39,synthesise research publications,skill/competence
http://data.europa.eu/esco/skill/a8d07b5a-c1a1-42c6-9d53-db9c7a2ca996,PostgreSQL,knowledge
http://data.europa.eu/esco/skill/a8d24a95-47b3-4f88-92e7-06600bcd3612,manage personal professional development,skill/competence
http://data.europa.eu/esco/skill/a9bf8565-8a09-4118-9922-932d65a79d69,manage localisation,skill/competence
http://data.europa.eu/esco/skill/aa0d8201-5a8e-417f-81f4-c04601139582,digitization,knowledge
http://data.europa.eu/esco/skill/aa238394-8126-4ada-be2f-9dfe065cf314,adhere to organisational guidelines,skill/competence
http://data.europa.eu/esco/skill/ab1e97ed-2319-4293-a8b7-072d2648822f,database management systems,knowledge
http://data.europa.eu/esco/skill/ab49f767-296b-47d5-af56-0b4a69515b03,maintain ICT identity management,skill/competence
http://data.europa.eu/esco/skill/ab67fbfb-0ca7-4345-8bf6-af8f59480212,design database backup specifications,skill/competence
http://data.europa.eu/esco/skill/ab927ee8-acd9-41c2-aef0-2020364a1003,principles of insurance,knowledge
http://data.europa.eu/esco/skill/abdc7ac8-151f-40c6-bc1a-1e9b4b073290,augmented reality,knowledge
http://data.europa.eu/esco/skill/ac516e9b-8bfa-4b72-8e3e-340b0a3a51d5,manage content development projects,skill/competence
http://data.europa.eu/esco/skill/acf0a78c-f4e3-4bd9-a5cc-9cf4791b3b95,implement a virtual private network,skill/competence
http://data.europa.eu/esco/skill/ad59afe4-6f8a-4bc4-acfd-0f228277508a,statistical analysis system software,knowledge
http://data.europa.eu/esco/skill/adcca622-b933-4ba3-bc43-bf371879edc3,data security principles,knowledge
http://data.europa.eu/esco/skill/ae4f0cc6-e0b9-47f5-bdca-2fc2e6316dce,manage ICT virtualisation environments,skill/competence
http://data.europa.eu/esco/skill/ae6c1227-dd33-4df0-a64e-439cfdf948ea,develop food scanner devices,skill/competence
http://data.europa.eu/esco/skill/af313ba1-a39e-49ac-99ec-94630fbe4f7f,develop code exploits,skill/competence
http://data.europa.eu/esco/skill/af607e5e-4ba1-4e5f-a2a6-dc05806567c7,coordinate technological activities,skill/competence
http://data.europa.eu/esco/skill/af6ea157-8c10-4c5b-8015-0e184946127a,outline blockchain-based identity management,skill/competence
http://data.europa.eu/esco/skill/af7ae54f-4649-4c16-87c7-59ba41d4d57f,SPARK,knowledge
http://data.europa.eu/esco/skill/af8ca5cf-7fd1-4275-a886-e951c335d497,assist multimedia operator,skill/competence
http://data.europa.eu/esco/skill/afa14e38-5973-4cce-a077-f796c1ced2cc,blockchain,knowledge
http://data.europa.eu/esco/skill/afd63e8c-a4e7-42d3-86c9-3b2dd549a353,Parrot Security OS,knowledge
http://data.europa.eu/esco/skill/afda6ca0-7aa8-41ef-ba5e-8dc607839daf,computer graphics,knowledge
http://data.europa.eu/esco/skill/b0096dc5-2e2d-4bc1-8172-05bf486c3968,design application interfaces,skill/competence
http://data.europa.eu/esco/skill/b04c4965-4fd7-4dfa-a8d4-0cec5c5f5d0c,Unreal Engine,knowledge
http://data.europa.eu/esco/skill/b04f377b-ee80-4b38-aca1-19d266a23b17,analyse business requirements,skill/competence
http://data.europa.eu/esco/skill/b0560439-14eb-41d1-aa53-1938efc24123,content marketing strategy,knowledge
http://data.europa.eu/esco/skill/b0a3bb25-a02f-43ed-ab1f-994fa66a424a,online analytical processing,knowledge
http://data.europa.eu/esco/skill/b0ac313d-de44-4344-ada6-76d2177b6d92,Synfig,knowledge
http://data.europa.eu/esco/skill/b105ec9b-0857-41d6-8d07-a83e58b73d90,ICT system programming,knowledge
http://data.europa.eu/esco/skill/b1604a2d-c26a-427d-bda9-b8073a319fe9,adjust ICT system capacity,skill/competence
http://data.europa.eu/esco/skill/b16200f4-4f39-4b8b-aa9d-3568054d6bdb,Open source model,knowledge
http://data.europa.eu/esco/skill/b16bcbcb-1d3f-42b3-a6a5-b91348a72b70,WildFly,knowledge
http://data.europa.eu/esco/skill/b1ef509e-f191-405a-8419-51663b08922e,implement a management system,skill/competence
http://data.europa.eu/esco/skill/b216d9a2-7d4e-4312-8d05-e375f4ab44d8,ensure cross-department cooperation,skill/competence
http://data.europa.eu/esco/skill/b34e2ba1-9080-48c9-9b42-ee9192a4d3f1,use CAD software,skill/competence
http://data.europa.eu/esco/skill/b363bb5f-2c79-40af-94da-33e06f9dee9f,apply blended learning,skill/competence
http://data.europa.eu/esco/skill/b3c8eada-b0a8-4b61-968b-b354fbfb6874,configure ICT system,skill/competence
http://data.europa.eu/esco/skill/b4057ecb-06d6-45db-a352-ce73e3fd991d,blockchain history,knowledge
http://data.europa.eu/esco/skill/b422efe7-b151-4120-86ae-db11a48dd0fa,advise on environmental remediation,skill/competence
http://data.europa.eu/esco/skill/b497a163-daf4-4f1b-a6ba-8c640d803979,debt systems,knowledge
http://data.europa.eu/esco/skill/b4dc6e4f-dc7d-445f-8ce2-d7b9d225e282,AJAX,knowledge
http://data.europa.eu/esco/skill/b5c7e0dc-dda3-4790-a7d1-d6d8023b3089,database quality standards,knowledge
http://data.europa.eu/esco/skill/b633eb55-8f1f-4ae6-ab4c-2022ffe2cb7f,C++,knowledge
http://data.europa.eu/esco/skill/b63ba4e4-ebf4-4e17-b0d6-662244022a4f,provide guidelines for content development,skill/competence
http://data.europa.eu/esco/skill/b6843068-2dd3-43ea-9625-3aaffe9f0112,demonstrate functionality of video games,skill/competence
http://data.europa.eu/esco/skill/b758675a-b03b-4e4b-897c-57ca14b1a3d0,probability theory,knowledge
http://data.europa.eu/esco/skill/b769f524-0f25-44d7-8538-5c46710a040e,manage digital documents,skill/competence
http://data.europa.eu/esco/skill/b7b381f5-7de2-4f91-9a8f-524041cb47d9,instrumentation engineering,knowledge
http://data.europa.eu/esco/skill/b8271c8a-cba6-4baa-80f5-6361af3f07e3,ensure adherence to organisational ICT standards,skill/competence
http://data.europa.eu/esco/skill/b8c01891-e3df-4a4b-948d-95b45e1788f5,mobile device software frameworks,knowledge
http://data.europa.eu/esco/skill/b8eb2517-37d8-43e6-9856-9c29d5c51fde,Filemaker (database management systems),knowledge
http://data.europa.eu/esco/skill/b92758d4-4591-4df1-9ceb-f907aa71ebd9,use measurement instruments,skill/competence
http://data.europa.eu/esco/skill/b9aad733-959a-4178-984f-53e4bd05b420,maintain internet protocol configuration,skill/competence
http://data.europa.eu/esco/skill/b9bf9e17-ae47-417b-bbb1-e8b7c263ccac,identify legal requirements,skill/competence
http://data.europa.eu/esco/skill/b9f16465-56a9-426b-a047-0f9f1f95ec92,address problems critically,skill/competence
http://data.europa.eu/esco/skill/ba04b19b-0b18-4d5c-b799-4db31a98e58d,BlackBerry,knowledge
http://data.europa.eu/esco/skill/ba1b0441-a6b8-4e57-8ccc-871012f63e42,trading software,knowledge
http://data.europa.eu/esco/skill/baf1fadb-975a-42be-9744-d8ba02304d09,Samurai Web Testing Framework,knowledge
http://data.europa.eu/esco/skill/bb165899-d95f-4433-95f2-173fefd716d2,develop statistical software,skill/competence
http://data.europa.eu/esco/skill/bb2b4485-2bad-402f-8517-44bf7d9afff4,implement anti-virus software,skill/competence
http://data.europa.eu/esco/skill/bb562019-5222-45db-a16c-730edbb1d27c,define ICT network design policies,skill/competence
http://data.europa.eu/esco/skill/bb99af26-71ff-4dca-bde7-1eb1f6194426,SAP R3,knowledge
http://data.europa.eu/esco/skill/bc0b0b5d-f6be-405a-b224-b6902a4dbe97,manage digital identity,skill/competence
http://data.europa.eu/esco/skill/bcadc519-00f4-43bc-9373-054f4ac717cb,modern portfolio theory,knowledge
http://data.europa.eu/esco/skill/bd14968e-e409-45af-b362-3495ed7b10e0,cloud technologies,knowledge
http://data.europa.eu/esco/skill/bd698bbe-7003-4508-b422-46c2ff4d5e95,business strategy concepts,knowledge
http://data.europa.eu/esco/skill/be040651-f357-45d0-9e1a-d98245be6546,teach geography,skill/competence
http://data.europa.eu/esco/skill/be0ff6d8-5e61-4021-9c89-e40cf0b75cc6,measure software usability,skill/competence
http://data.europa.eu/esco/skill/be149bed-a789-48ee-832b-620ccf776af9,Frostbite (digital game creation systems),knowledge
http://data.europa.eu/esco/skill/be20d05c-f6b4-4580-9fcf-f00f4baab562,make data-driven decisions,skill/competence
http://data.europa.eu/esco/skill/be252635-341e-4b1c-b94f-aef362b645ed,business loans,knowledge
http://data.europa.eu/esco/skill/be40c4c3-a855-4d67-9ca5-6f4428c34b0d,provide written content,skill/competence
http://data.europa.eu/esco/skill/be48353d-25c7-4f86-bea9-7b9e248fbc6e,interpret technical requirements,skill/competence
http://data.europa.eu/esco/skill/be64bb4c-84ac-4c83-8cc7-fc8593e15136,test system accessibility for users with special needs,skill/competence
http://data.europa.eu/esco/skill/be727774-46d7-43d7-aee9-1a51b5cd8c71,carry out statistical forecasts,skill/competence
http://data.europa.eu/esco/skill/be80acfc-b6f2-4411-9b8d-b19d9cd2556a,Swift (computer programming),knowledge
http://data.europa.eu/esco/skill/bec4359e-cb92-468f-a997-8fb28e32fba9,ICT project management methodologies,knowledge
http://data.europa.eu/esco/skill/bf12b461-1c53-4d81-a395-8ba77f7483c4,investment analysis,knowledge
http://data.europa.eu/esco/skill/bf5d77ad-e18c-48d8-83f0-bc79c011c74a,develop professional network,skill/competence
http://data.europa.eu/esco/skill/bf6c5ed4-84af-440f-abcc-7fa5ba19c738,real-time computing,knowledge
http://data.europa.eu/esco/skill/bf7ea00f-db77-4a95-9b9f-2d12b6d9fcb4,implement ICT network diagnostic tools,skill/competence
http://data.europa.eu/esco/skill/bf942c60-8539-4951-83ee-63f770da1cb8,program a CNC controller,skill/competence
http://data.europa.eu/esco/skill/c0326e27-5fa8-4dca-aecb-ed89ab491513,prepare visual data,skill/competence
http://data.europa.eu/esco/skill/c062bab3-3ea0-4291-9220-a2d8fef4bead,SQL Server,knowledge
http://data.europa.eu/esco/skill/c0e2f74c-51f0-4020-9756-d190848cf181,integrate content into output media,skill/competence
http://data.europa.eu/esco/skill/c13fb093-5ffb-491a-b8b7-fa2d42a57e2e,implement cloud security and compliance,skill/competence
http://data.europa.eu/esco/skill/c1b64266-c2a8-4a92-a2a0-812b972e5f4d,metalogic,knowledge
http://data.europa.eu/esco/skill/c1f29568-f2bb-49d2-b6c2-28748bd1629b,manage online content,skill/competence
http://data.europa.eu/esco/skill/c2296e2e-5fef-4f24-a24f-e5b3792268be,provide ICT support,skill/competence
http://data.europa.eu/esco/skill/c241f5a5-e23f-47bf-ad24-d83ea0010166,ensure proper document management,skill/competence
http://data.europa.eu/esco/skill/c2999f0c-eb37-4cdf-b9b0-82107b628794,style sheet languages,knowledge
http://data.europa.eu/esco/skill/c2cbbccf-4ffd-4626-86e7-505b39c872a0,implement spam protection,skill/competence
http://data.europa.eu/esco/skill/c32ad607-0c4d-4e34-b73f-668298f7bf13,apply technical communication skills,skill/competence
http://data.europa.eu/esco/skill/c3a03c5a-c260-4c26-9b9a-873abb396f4d,MATLAB,knowledge
http://data.europa.eu/esco/skill/c3c2420c-ce9a-4371-8eed-1db479c3a562,write scientific publications,skill/competence
http://data.europa.eu/esco/skill/c3e36d05-8ae8-447f-bb2b-6f9409f85389,deliver visual presentation of data,skill/competence
http://data.europa.eu/esco/skill/c453cf81-6197-428e-84c6-70c773b63f27,ICT architectural frameworks,knowledge
http://data.europa.eu/esco/skill/c489caef-57b8-4e5c-b417-4e505a9b71c9,operate games,skill/competence
http://data.europa.eu/esco/skill/c4b1f326-224a-420a-b8b3-814a8f13b6cb,implement front-end website design,skill/competence
http://data.europa.eu/esco/skill/c4b626c1-e71c-44ec-9f88-042766f37fcc,application usability,knowledge
http://data.europa.eu/esco/skill/c4ba511c-dc24-44bc-8bc5-10b2d4a191fb,blockchain design patterns,knowledge
http://data.europa.eu/esco/skill/c503729b-8f91-43f6-82b8-522b92826656,consult credit score,skill/competence
http://data.europa.eu/esco/skill/c544a9f3-5945-4b54-afed-de0697852817,report analysis results,skill/competence
http://data.europa.eu/esco/skill/c55caed2-de9e-4a25-819e-a0b0e83fba1b,give live presentation,skill/competence
http://data.europa.eu/esco/skill/c5e8abde-d2ba-4e8e-a65e-720b71180666,unstructured data,knowledge
http://data.europa.eu/esco/skill/c5ed451b-ef39-47a3-aee7-8f5be0aa8431,CA Datacom/DB,knowledge
http://data.europa.eu/esco/skill/c7451027-8249-405a-bb1b-342ff0f3fb3b,Salt (tools for software configuration management),knowledge
http://data.europa.eu/esco/skill/c7cc6dc5-d56b-4323-8e5c-47c4022f615f,quality assurance methodologies,knowledge
http://data.europa.eu/esco/skill/c7d24594-0c11-4b27-9039-fe0bb903da8e,LINQ,knowledge
http://data.europa.eu/esco/skill/c8d53d69-d900-4092-af80-c5d0422bcdb3,Source (digital game creation systems),knowledge
http://data.europa.eu/esco/skill/c94dd931-f568-48e2-9a1c-922f1ce21f67,demography,knowledge
http://data.europa.eu/esco/skill/c9b6aa32-6c42-4903-8e5a-23e43edf03fc,online moderation techniques,knowledge
http://data.europa.eu/esco/skill/c9e96450-421d-48af-9ee6-d9c50e29afc2,ICT recovery techniques,knowledge
http://data.europa.eu/esco/skill/c9f4efcd-e16a-4515-a0cb-60c6c479853d,actuarial science,knowledge
http://data.europa.eu/esco/skill/ca71c597-51c2-4ead-a7b0-b108bce89caf,cognitive computing,knowledge
http://data.europa.eu/esco/skill/ca73ac82-867a-4afa-9732-834aebe896ff,ICT system user requirements,knowledge
http://data.europa.eu/esco/skill/cace7a77-38b7-4cdf-8171-e17692bef5f6,respond to customers' inquiries,skill/competence
http://data.europa.eu/esco/skill/cb1b0777-0388-4b01-a0cf-7c6bbfbbd61d,review development process of an organisation,skill/competence
http://data.europa.eu/esco/skill/cb304338-3a44-4b6f-802b-dfc6c64de109,scientific modelling,knowledge
http://data.europa.eu/esco/skill/cb5cccc9-abe4-4b11-abe6-d27e5cd85fb1,manage standards for data exchange,skill/competence
http://data.europa.eu/esco/skill/cb668e89-6ef5-4ff3-ab4a-506010e7e70b,manage a team,skill/competence
http://data.europa.eu/esco/skill/cb89a5c0-b5cb-4c62-8e7e-7714631b66b5,create semantic trees,skill/competence
http://data.europa.eu/esco/skill/cbe2c304-1e7d-489a-97d9-a7d3e37a9db6,apply ICT systems theory,skill/competence
http://data.europa.eu/esco/skill/cc61f9e5-d4fc-470e-8606-1ce865ff8386,develop professional network with researchers and scientists,skill/competence
http://data.europa.eu/esco/skill/cc716f65-a0d0-4fba-95d9-64c358f697c0,monitor ICT research,skill/competence
http://data.europa.eu/esco/skill/cc7370dd-69fa-4c67-a96f-d4d135d38700,data quality assessment,knowledge
http://data.europa.eu/esco/skill/ccb2e5f2-4279-48fd-9d85-a1db42ff1e13,project configuration management,knowledge
http://data.europa.eu/esco/skill/ccd0a1d9-afda-43d9-b901-96344886e14d,Python (computer programming),knowledge
http://data.europa.eu/esco/skill/ccdbd9bb-4faf-403c-a968-e8bf487f8a53,business ICT systems,knowledge
http://data.europa.eu/esco/skill/cd50d616-1f8b-481e-983f-68d2674ff82d,integrate gender dimension in research,skill/competence
http://data.europa.eu/esco/skill/cd56a093-3400-4635-80bd-b9611dcf1542,Gamemaker Studio,knowledge
http://data.europa.eu/esco/skill/cd5efa8c-e44d-4cbc-91c6-796018dbed68,perform project management,skill/competence
http://data.europa.eu/esco/skill/cdaf66a1-eaf3-4fef-af6e-2e9bbe2c326c,distributed ledger technologies vulnerabilities,knowledge
http://data.europa.eu/esco/skill/cdd8b6b2-2fd9-453c-8d62-8a1dc6efcd49,systems theory,knowledge
http://data.europa.eu/esco/skill/ce26e71f-2d47-474e-89b6-7920931ac4fc,iOS,knowledge
http://data.europa.eu/esco/skill/ce2dcc4b-d0a4-4aa4-b84a-a08da3c31d7d,explain distributed ledger technologies principles,skill/competence
http://data.europa.eu/esco/skill/ce354460-500e-4eaa-8e95-8f243fcea3db,manage system testing,skill/competence
http://data.europa.eu/esco/skill/ce592b28-4467-4908-b2e6-64bbe18da631,perform copywriting,skill/competence
http://data.europa.eu/esco/skill/ce8ae6ca-61d8-4174-b457-641de96cbff4,automate cloud tasks,skill/competence
http://data.europa.eu/esco/skill/cef5c0f8-1e40-4c09-b6a7-aa7811849e5d,ethics,knowledge
http://data.europa.eu/esco/skill/cf3e976d-2c3e-495c-a874-f9e8a66d3b48,perform backups,skill/competence
http://data.europa.eu/esco/skill/cf532795-a1fd-43bd-8407-6e43f877e6e3,mobile device management,knowledge
http://data.europa.eu/esco/skill/cf9c8e73-105d-419e-86dd-4304cc6cd718,geography,knowledge
http://data.europa.eu/esco/skill/cfa2be0d-96d5-4017-a866-962efb9c5070,signal processing,knowledge
http://data.europa.eu/esco/skill/cffc3e97-e942-4b13-a2f3-0bf4910c06d3,use technical documentation,skill/competence
http://data.europa.eu/esco/skill/d0c6d77e-cb25-4770-bf77-2073fc5f7523,ICT infrastructure,knowledge
http://data.europa.eu/esco/skill/d0f2f8a7-d935-4a6d-8e54-dcc3e5e2cbeb,present reports,skill/competence
http://data.europa.eu/esco/skill/d1072655-88ce-4445-8803-e6273da273e7,blueprints,knowledge
http://data.europa.eu/esco/skill/d12e9d68-84c5-444e-aa98-d36533bf03f6,apply operations for an ITIL-based environment,skill/competence
http://data.europa.eu/esco/skill/d1a86399-24d8-415f-98b9-e8cbb6b04a26,Unity (digital game creation systems),knowledge
http://data.europa.eu/esco/skill/d1f73ae9-d348-4aac-b5d5-9b6d508401d3,resource-efficient technologies,knowledge
http://data.europa.eu/esco/skill/d2309723-3472-46d2-865a-db81db2269b6,recognise blockchain risks,skill/competence
http://data.europa.eu/esco/skill/d2adb565-a865-424d-aeb5-9fbcbf2afe2a,Joomla,knowledge
http://data.europa.eu/esco/skill/d31fab87-2a7d-485c-b699-2901ca294b15,use functional programming,skill/competence
http://data.europa.eu/esco/skill/d3286405-49f8-4e8a-8046-a4376b4e7963,manage cloud data and storage,skill/competence
http://data.europa.eu/esco/skill/d32db06e-bd06-4415-a7ab-1b0ee68caa9a,ICT encryption,knowledge
http://data.europa.eu/esco/skill/d38871eb-b988-495e-8fca-345677b597a8,state estimation,knowledge
http://data.europa.eu/esco/skill/d39a5880-7d0a-4573-9f70-a75ff875bf83,provide lesson materials,skill/competence
http://data.europa.eu/esco/skill/d3e9b00a-0891-4fa8-836d-8240ec3d2758,GDPR,knowledge
http://data.europa.eu/esco/skill/d4789070-2ff7-4bbb-94ca-8bb1739826a9,authoring software,knowledge
http://data.europa.eu/esco/skill/d5145a9a-602e-40bf-b3e1-f04cf9c3ef86,leadership principles,knowledge
http://data.europa.eu/esco/skill/d53b04fb-1bbb-4a25-92f8-8ceb308d276f,define organisational standards,skill/competence
http://data.europa.eu/esco/skill/d54a1355-05c8-45eb-9c42-267d2cfcdf44,provide technical training,skill/competence
http://data.europa.eu/esco/skill/d56fc2b5-4b0a-4e7e-9bde-a33736f6ff18,Scratch (computer programming),knowledge
http://data.europa.eu/esco/skill/d5a59ca8-2e91-472e-8571-d12ce4478679,Process-based management,knowledge
http://data.europa.eu/esco/skill/d6179c4b-ff5a-4bbb-a3c8-e0acf0de1f56,assist scientific research,skill/competence
http://data.europa.eu/esco/skill/d663e407-33c6-4397-b40e-dced5ebe20b5,computational chemistry,knowledge
http://data.europa.eu/esco/skill/d686f015-5568-4288-9135-74936cd7b655,blockchain-based business models,knowledge
http://data.europa.eu/esco/skill/d6c29154-9cc1-48a4-a2de-3d1d0d7f0831,publishing strategy,knowledge
http://data.europa.eu/esco/skill/d6cdef49-b669-4507-91d1-3f959cf98e47,maintain database performance,skill/competence
http://data.europa.eu/esco/skill/d74df140-eb69-43e2-bac9-1cafc824d702,execute feasibility study,skill/competence
http://data.europa.eu/esco/skill/d78dedfc-21d2-45fd-ba05-e56b7a8865e6,network standards,knowledge
http://data.europa.eu/esco/skill/d83cba15-8511-4d07-b89a-9fde0d1d8241,perform quality audits,skill/competence
http://data.europa.eu/esco/skill/d84326c9-a3d3-4e22-a6a1-1ad42a356f10,sustainability consulting,knowledge
http://data.europa.eu/esco/skill/d86babea-bf8b-4552-81a8-daf706066ad6,manage environmental impact of operations,skill/competence
http://data.europa.eu/esco/skill/d8829a1d-dbde-435b-b921-29d6462f35c9,Android (mobile operating systems),knowledge
http://data.europa.eu/esco/skill/d88cb3f1-8e02-4618-bf32-4b0488066934,mechatronics,knowledge
http://data.europa.eu/esco/skill/d9818afc-1dec-4944-8c9c-e3ae8fad176d,set up the controller of a machine,skill/competence
http://data.europa.eu/esco/skill/d9e5349e-8791-49c2-8ba4-839fdd1606c2,define technical requirements,skill/competence
http://data.europa.eu/esco/skill/d9eaf831-9348-4330-a83e-b7c099cdc8f6,Teradata Database,knowledge
http://data.europa.eu/esco/skill/da042121-959d-451b-b4d0-3bbf07c1bc67,analyse network bandwidth requirements,skill/competence
http://data.europa.eu/esco/skill/da6393d5-a53c-4863-abc7-51f36281d74e,lean project management,knowledge
http://data.europa.eu/esco/skill/da930e2f-6047-4616-a598-bba8ecef3039,manage open publications,skill/competence
http://data.europa.eu/esco/skill/dad7e408-162f-46a4-8567-db560e19e2fc,identify ICT system weaknesses,skill/competence
http://data.europa.eu/esco/skill/db36f7f1-5900-45bd-9ffb-f2b19c4362ac,support ICT system users,skill/competence
http://data.europa.eu/esco/skill/db77825e-0f3e-47d0-abdb-356794484272,use mathematical tools and equipment,skill/competence
http://data.europa.eu/esco/skill/dba46f87-0831-49cd-a1c7-340a653c0221,Agile development,knowledge
http://data.europa.eu/esco/skill/dbdd03ec-f64f-4916-8a86-cc71d765cc20,advise on legislative acts,skill/competence
http://data.europa.eu/esco/skill/dc72ad0a-c5dc-4abd-bc0d-ca43e82162e1,build business relationships,skill/competence
http://data.europa.eu/esco/skill/dcdd5ddf-82a6-4ac3-8edc-d4b23cae9a88,VBScript,knowledge
http://data.europa.eu/esco/skill/ddb65832-91a7-4157-9488-719a0e2ad87b,lead disaster recovery exercises,skill/competence
http://data.europa.eu/esco/skill/ddc3119d-1d6e-4324-9125-a3380d299ac5,computer technology,knowledge
http://data.europa.eu/esco/skill/ddfe79e2-c2e3-4ba7-9bdf-3820b4f75b54,identify ICT user needs,skill/competence
http://data.europa.eu/esco/skill/de0be6e8-644c-4cc9-9c8d-925dd98dda56,software interaction design,knowledge
http://data.europa.eu/esco/skill/de586dcf-d7e5-4340-bf5b-d59026f1b436,penetration testing tool,knowledge
http://data.europa.eu/esco/skill/de9f85ba-e77f-48fd-8c66-f5ebaf32d655,Oracle Relational Database,knowledge
http://data.europa.eu/esco/skill/def007fa-5fed-4a5f-91a2-b0d7e3db1be1,COBOL,knowledge
http://data.europa.eu/esco/skill/df0612db-366c-4ff5-b106-40b9e385195c,utilise decision support system,skill/competence
http://data.europa.eu/esco/skill/df329d70-87b0-466b-a214-3431f36e2a5e,protect ICT devices,skill/competence
http://data.europa.eu/esco/skill/df64a7cc-2e96-4304-95d3-56fe0ac2dd39,design thinking,knowledge
http://data.europa.eu/esco/skill/df996a98-202f-4a9b-b088-38c8db03ef1b,create content title,skill/competence
http://data.europa.eu/esco/skill/dfb9cec6-3ae3-408a-9d57-c44361bf7aaf,provide multimedia content,skill/competence
http://data.europa.eu/esco/skill/dfff95c6-9758-4c04-a228-7eaa88dec6cd,design for organisational complexity,skill/competence
http://data.europa.eu/esco/skill/e043aeeb-78f5-4049-afbf-12bba52225bc,hardware architectures,knowledge
http://data.europa.eu/esco/skill/e08821b5-d6dd-4db9-a0f1-43185653c244,monitor communication channels' performance,skill/competence
http://data.europa.eu/esco/skill/e126f782-b4e6-4f7d-8dca-8d2e6778559b,credit control processes,knowledge
http://data.europa.eu/esco/skill/e207163b-7963-4c3e-9494-7a4bb000211b,estimate duration of work,skill/competence
http://data.europa.eu/esco/skill/e2103a1d-4a84-47a9-b4f7-774787573449,copyright legislation,knowledge
http://data.europa.eu/esco/skill/e2d0daae-2aa1-40cc-99e2-b340b02f97d3,product data management,knowledge
http://data.europa.eu/esco/skill/e2fb1ee4-fbf9-4690-b677-3e6ff7cfdc48,test ICT queries,skill/competence
http://data.europa.eu/esco/skill/e46291c7-52b9-4174-bd59-178884861038,Hadoop,knowledge
http://data.europa.eu/esco/skill/e464363b-8346-421d-9035-52118b76d8c8,computational biology,knowledge
http://data.europa.eu/esco/skill/e465a154-93f7-4973-9ce1-31659fe16dd2,principles of artificial intelligence,knowledge
http://data.europa.eu/esco/skill/e4a57b51-16d7-4dfc-bb47-6aa401e39b2e,analyse insurance risk,skill/competence
http://data.europa.eu/esco/skill/e4a9ec84-4eb3-494b-8a70-0fcf0d687f03,tend lathe,skill/competence
http://data.europa.eu/esco/skill/e541c69c-ea80-4b17-87cb-4001d0b9d303,assess environmental impact,skill/competence
http://data.europa.eu/esco/skill/e54ff029-1ce9-447d-a5b2-eb7283a23e6e,train employees,skill/competence
http://data.europa.eu/esco/skill/e5609f89-0daf-40bb-bd6b-94f5d7498131,ICT market,knowledge
http://data.europa.eu/esco/skill/e5a6e1e0-1b07-4432-83ba-77d593b2cb47,SAS Data Management,knowledge
http://data.europa.eu/esco/skill/e5b5053e-0ef6-4c4e-a3f2-42f955f4322c,implement a firewall,skill/competence
http://data.europa.eu/esco/skill/e5beeff8-7c98-490a-ae2c-16fbb6a87305,manage keys for data protection,skill/competence
http://data.europa.eu/esco/skill/e5d1f825-60ed-4bdd-872a-e748c387f777,CSS,knowledge
http://data.europa.eu/esco/skill/e6b8f934-7f35-4dc6-9a64-f6c43acdc00b,software components suppliers,knowledge
http://data.europa.eu/esco/skill/e71c6cee-7247-49f4-829a-141c880ae938,advice on security risk management,skill/competence
http://data.europa.eu/esco/skill/e7219848-a27a-4bf4-8775-d367707be7c9,sales strategies,knowledge
http://data.europa.eu/esco/skill/e72ce847-f7a9-40b8-ac66-ce291a2121de,study the relationships between quantities,skill/competence
http://data.europa.eu/esco/skill/e74f4f21-8d45-412c-b5c3-652e6167ee32,content development processes,knowledge
http://data.europa.eu/esco/skill/e76dd90d-91c4-49c0-bfd0-dfa2c4c90c81,interpret electronic design specifications,skill/competence
http://data.europa.eu/esco/skill/e79a3803-dd53-46b0-906b-13e6d46ef687,quantum computing,knowledge
http://data.europa.eu/esco/skill/e79dab00-fe87-48f2-b8cc-f48b68bc7f35,WhiteHat Sentinel,knowledge
http://data.europa.eu/esco/skill/e8171178-9a60-40a6-ad3b-510e10cfebad,render 3D images,skill/competence
http://data.europa.eu/esco/skill/e819cc1e-09d9-47f2-b418-93972852daef,MarkLogic,knowledge
http://data.europa.eu/esco/skill/e8b89eb6-51e8-4c3a-babb-88b2e110376b,Pascal (computer programming),knowledge
http://data.europa.eu/esco/skill/e8d9ce55-7bc3-4f09-8412-0a393d4b5b96,compose description for web elements,skill/competence
http://data.europa.eu/esco/skill/e8f80ec5-c423-4eb2-9f0f-805d22f844ae,incidents and accidents recording,knowledge
http://data.europa.eu/esco/skill/e9575f7f-053a-439e-8074-f93df3334e92,data ethics,knowledge
http://data.europa.eu/esco/skill/ea412de3-9d7a-4943-8d8c-c6d3c7495d0e,execute integration testing,skill/competence
http://data.europa.eu/esco/skill/ea876ec3-4382-478c-b8b3-600c6b23ae85,adapt developed game to the market,skill/competence
http://data.europa.eu/esco/skill/eb0e5615-1575-4a86-a1a2-7d39595033c5,ABAP,knowledge
http://data.europa.eu/esco/skill/eb3aa8c1-fb14-47b4-a352-b7975abd2480,replicate customer software issues,skill/competence
http://data.europa.eu/esco/skill/eb8babfb-ab91-4937-a032-6a79f82e9b7f,analyse financial risk,skill/competence
http://data.europa.eu/esco/skill/ebfe7b18-1fad-463f-9509-8ef1a5736045,perform services in a flexible manner,skill/competence
http://data.europa.eu/esco/skill/ec85cc63-4e24-4631-bf92-8789db2605c0,maintain database security,skill/competence
http://data.europa.eu/esco/skill/ecc4552a-92c5-4222-b18d-faf5ac841080,deep learning,knowledge
http://data.europa.eu/esco/skill/ed0718f6-5823-4c74-9749-2936c9c06203,develop audit plan,skill/competence
http://data.europa.eu/esco/skill/ed1d8bd4-cd2a-4c64-b665-56d70651026c,Prototyping development,knowledge
http://data.europa.eu/esco/skill/ed1fbdc3-1071-423c-9bb4-e3288ca6d1fe,hardware components suppliers,knowledge
http://data.europa.eu/esco/skill/ed39edd3-44d0-4a16-9796-bfb99f92baf3,ICT performance analysis methods,knowledge
http://data.europa.eu/esco/skill/ed3f3dba-3a35-4ed5-b113-67f4d10ef4c8,scientific research methodology,knowledge
http://data.europa.eu/esco/skill/ed8de897-adbe-4f0e-b4d2-534953e64c72,integrate system components,skill/competence
http://data.europa.eu/esco/skill/edebd83d-35f6-4ed5-a940-6c203d178c01,data science,knowledge
http://data.europa.eu/esco/skill/ee02393d-27dd-438a-8879-b8088ce45e79,ICT environmental policies,knowledge
http://data.europa.eu/esco/skill/ee3b1553-2dc5-434b-8dcf-4ae3a40b3a48,verify formal ICT specifications,skill/competence
http://data.europa.eu/esco/skill/ee3c1d54-f46a-43c7-a0f9-0ba3648164d0,design enterprise architecture,skill/competence
http://data.europa.eu/esco/skill/ee46e1d3-a52c-4113-aab9-38dbc907085d,distributed ledger technologies consensus protocols,knowledge
http://data.europa.eu/esco/skill/ee8fee1a-75c1-43fb-b08d-779929f99249,apply control process statistical methods,skill/competence
http://data.europa.eu/esco/skill/ef069fe6-305b-4452-8f7d-0c572e98effc,mobile marketing,knowledge
http://data.europa.eu/esco/skill/ef30e7f8-1ef0-4a6f-87ac-d6a701125305,set theory,knowledge
http://data.europa.eu/esco/skill/ef64005d-75bc-4597-8ed6-717edec5e55e,enhance website visibility,skill/competence
http://data.europa.eu/esco/skill/efa141df-f382-418f-9121-bd88fd735669,mechanics,knowledge
http://data.europa.eu/esco/skill/eff1bb34-b454-4482-8c29-65f820619f3c,insourcing strategy,knowledge
http://data.europa.eu/esco/skill/f0010b93-5552-45cb-ad26-168c8168f319,Nexpose,knowledge
http://data.europa.eu/esco/skill/f0163b63-6794-4eb7-b17b-f91d11b2602d,implement cryptographic constructs,skill/competence
http://data.europa.eu/esco/skill/f0393af3-bcd9-41af-a36e-0cfb83b60081,manage standard enterprise resource planning system,skill/competence
http://data.europa.eu/esco/skill/f049d050-12da-4e40-813a-2b5eb6df6b51,Internet of Things,knowledge
http://data.europa.eu/esco/skill/f058bf62-70d1-4f5e-be2a-8b26fac24a96,design graphics,skill/competence
http://data.europa.eu/esco/skill/f09e70cb-5d8c-4c57-b027-a45127c0bf92,secure sensitive customer's information,skill/competence
http://data.europa.eu/esco/skill/f0de4973-0a70-4644-8fd4-3a97080476f4,DevOps,knowledge
http://data.europa.eu/esco/skill/f0f5bb34-71df-4715-9c9e-03567b76ec8f,create website wireframe,skill/competence
http://data.europa.eu/esco/skill/f0ff6f10-cbb4-44c0-acd5-ed17046b1396,install signal repeaters,skill/competence
http://data.europa.eu/esco/skill/f14ff4b7-be1e-4b55-b39b-520005f8a97e,liaise with managers,skill/competence
http://data.europa.eu/esco/skill/f263da7f-0708-42c2-b1a9-39083416f632,communicate analytical insights,skill/competence
http://data.europa.eu/esco/skill/f28617ad-afdd-4041-814c-216153a38998,analyse software specifications,skill/competence
http://data.europa.eu/esco/skill/f2c26cd0-f823-4549-a418-f84d23131308,THC Hydra,knowledge
http://data.europa.eu/esco/skill/f2c63b7a-ed6c-4890-9f8c-7685d172624c,implement corporate governance,skill/competence
http://data.europa.eu/esco/skill/f2d57f41-43b4-4f5b-8100-3df5c21eda50,process data,skill/competence
http://data.europa.eu/esco/skill/f3cc52e3-a96c-4549-b841-6e41a846fa99,report on environmental issues,skill/competence
http://data.europa.eu/esco/skill/f47a1998-0beb-43be-9f46-380aa4d183da,Jenkins (tools for software configuration management),knowledge
http://data.europa.eu/esco/skill/f4a85869-1855-45d5-a43c-7ee8cd451996,perform ICT security testing,skill/competence
http://data.europa.eu/esco/skill/f5308e60-d763-4ead-be95-88c96fb3e02b,adapt to changes in technological development plans,skill/competence
http://data.europa.eu/esco/skill/f5369f2f-e52b-43d8-8d31-79a6c11188d8,digital content creation,
http://data.europa.eu/esco/skill/f597f772-24d3-4cec-813c-cf5a7027c794,N1QL,knowledge
http://data.europa.eu/esco/skill/f5ac9226-0ace-4d34-a1c3-7b3845834a98,maintain ICT server,skill/competence
http://data.europa.eu/esco/skill/f5bf985b-ac78-4d23-881a-18a359234528,corporate sustainability,knowledge
http://data.europa.eu/esco/skill/f5dd06b8-5d17-4932-9d03-957d0c4f5051,perform resource planning,skill/competence
http://data.europa.eu/esco/skill/f5f5b244-6cea-4fbc-8a50-8f712791bc09,follow company standards,skill/competence
http://data.europa.eu/esco/skill/f60c9e52-95fc-4ca1-a73c-18a491153b63,make strategic business decisions,skill/competence
http://data.europa.eu/esco/skill/f6424ebb-8401-446b-9f7e-10d7c854da02,ICT network simulation,knowledge
http://data.europa.eu/esco/skill/f6868852-9bf6-4899-a5d6-5f9532fb877d,design component interfaces,skill/competence
http://data.europa.eu/esco/skill/f6ac6241-adb2-4ce2-b35f-09832cbb11ea,empirical analysis,knowledge
http://data.europa.eu/esco/skill/f715be1d-5fc4-49d3-82a5-0b8090d12849,synthesise information,skill/competence
http://data.europa.eu/esco/skill/f73ed9e8-65c6-450d-9f19-8f3f8266689c,design questionnaires,skill/competence
http://data.europa.eu/esco/skill/f7b071bf-4882-4cfc-ae0a-7e0e0ab94c61,conduct research across disciplines,skill/competence
http://data.europa.eu/esco/skill/f7b5d916-52f0-4865-b6a6-e1a3b711cb5e,implement strategic planning,skill/competence
http://data.europa.eu/esco/skill/f7e051fc-8f7b-45b3-8911-8ffb9b951f4a,blockchain consensus mechanisms,knowledge
http://data.europa.eu/esco/skill/f7e2eb04-3e50-4561-bce1-7e51a1fec308,define software architecture,skill/competence
http://data.europa.eu/esco/skill/f84a433f-34f1-4083-b0a3-24802623509c,web services,knowledge
http://data.europa.eu/esco/skill/f88002a8-6355-4d33-9496-285c166ff375,ICT power consumption,knowledge
http://data.europa.eu/esco/skill/f88cb903-83a2-44a3-98a8-e72180ec37a9,plan research process,skill/competence
http://data.europa.eu/esco/skill/f8e3425c-fe44-4ffb-bafe-0e20d91dadf4,SAP Data Services,knowledge
http://data.europa.eu/esco/skill/f8f1f725-0105-41fa-9887-4df9e7a7af1e,manage email hosting service,skill/competence
http://data.europa.eu/esco/skill/f9670490-8aa4-4540-b121-d440a8294aab,develop data processing applications,skill/competence
http://data.europa.eu/esco/skill/f9a6f35b-01a7-40c9-8b61-b6ee46f97272,operating systems,knowledge
http://data.europa.eu/esco/skill/f9e788df-d68a-4f92-92c7-80e135fc35ff,ICT networking hardware,knowledge
http://data.europa.eu/esco/skill/fa3567c8-a7c1-40de-bac0-a4f5a85b9f1a,develop contingency plans for emergencies,skill/competence
http://data.europa.eu/esco/skill/fa465db3-56e8-4b5d-a781-e2a313a4ed2d,conduct qualitative research,skill/competence
http://data.europa.eu/esco/skill/fa642fc3-5cc5-41cf-8926-6617a8b976a7,promote the participation of citizens in scientific and research activities,skill/competence
http://data.europa.eu/esco/skill/fae27053-8924-4bfd-b565-c9fe502044c9,system design,knowledge
http://data.europa.eu/esco/skill/fafe0b9d-dbd9-46bd-b770-26299539ce66,ICT process quality models,knowledge
http://data.europa.eu/esco/skill/fb601189-afa9-4a7b-8430-21a906483072,field-programmable gate arrays,knowledge
http://data.europa.eu/esco/skill/fb7aee4d-f6c6-4a87-8e9d-8e542b3771f8,software metrics,knowledge
http://data.europa.eu/esco/skill/fbafa41f-cd05-4109-a649-8b44d306d779,create data models,skill/competence
http://data.europa.eu/esco/skill/fbbcb9ab-4b95-4e57-a756-30d08b7da7a5,maintain ICT system,skill/competence
http://data.europa.eu/esco/skill/fc2f1d4f-a46f-471e-a618-cbd4d0496a53,implement ICT recovery system,skill/competence
http://data.europa.eu/esco/skill/fc4fcb4b-993f-4f2c-b158-c2171ec18ed8,draw design sketches,skill/competence
http://data.europa.eu/esco/skill/fc94266b-322d-4f1d-87a0-03f999e72344,blockchain mining principles,knowledge
http://data.europa.eu/esco/skill/fcbb3a90-cdde-49ff-9ecc-8e2c0a6dfca2,collect cyber defence data,skill/competence
http://data.europa.eu/esco/skill/fcd02121-ae3e-4d20-92ee-e2e368658a45,insurance market,knowledge
http://data.europa.eu/esco/skill/fce09eac-0b2d-4a50-bdcd-9dff4edfd9d0,numerical sequences,knowledge
http://data.europa.eu/esco/skill/fce3268c-c944-4a5f-8b9c-034a72d5df13,types of insurance,knowledge
http://data.europa.eu/esco/skill/fd33c66c-70c4-40e6-b87c-5495bd3bf26e,design user interface,skill/competence
http://data.europa.eu/esco/skill/fd6d2981-3d4a-4ce2-9741-cfc98c5b74bd,implement data warehousing techniques,skill/competence
http://data.europa.eu/esco/skill/fda917eb-0d6a-4371-8c93-2a10bf950966,manage ICT semantic integration,skill/competence
http://data.europa.eu/esco/skill/fdf15b35-9028-4acb-bfd2-43f00a015cd9,use personal organization software,skill/competence
http://data.europa.eu/esco/skill/fe1c2b32-7fe9-4668-affa-07ff658a68cf,identify ICT security risks,skill/competence
http://data.europa.eu/esco/skill/fe39d4db-4cb5-4299-bb9f-896c8fd6ab13,perform market research,skill/competence
http://data.europa.eu/esco/skill/fecf8a0d-62c4-4e71-9b03-0f4fc2ad7bf5,data models,knowledge
http://data.europa.eu/esco/skill/ff25cbf0-6978-4c4c-887e-d4b185410d74,perform software recovery testing,skill/competence
http://data.europa.eu/esco/skill/ff64e9fc-36dd-4035-872a-83aa41dc1ad9,communicate with a non-scientific audience,skill/competence
http://data.europa.eu/esco/skill/ffddfc7c-a9dd-449f-9e96-882dc447c8b6,Scala,knowledge
http://data.europa.eu/esco/skill/fff0e2cd-d0bd-4b02-9daf-158b79d9688a,natural language processing,knowledge